address,name,size,cluster,status,flags,diff_words,source_path,note
0x80023818,func_80023818,44,BT05,verified_body,-g0 -O2 -mips2 -G 0 -non_shared,0,cloud/matches/boot_tail/func_80023818.c,Native embedded-control wrapper; dispatcher and callee ABI inspected; first natural O2 form strict MATCH; independent source/ABI review and replay passed; exact-head CI required before integration.
0x80023844,func_80023844,44,BT05,verified_body,-g0 -O2 -mips2 -G 0 -non_shared,0,cloud/matches/boot_tail/func_80023844.c,Native embedded-control wrapper; dispatcher and callee ABI inspected; first natural O2 form strict MATCH; independent source/ABI review and replay passed; exact-head CI required before integration.
0x80023870,func_80023870,44,BT05,verified_body,-g0 -O2 -mips2 -G 0 -non_shared,0,cloud/matches/boot_tail/func_80023870.c,Native embedded-control wrapper; dispatcher and callee ABI inspected; first natural O2 form strict MATCH; independent source/ABI review and replay passed; exact-head CI required before integration.
0x8002389C,func_8002389C,44,BT05,verified_body,-g0 -O2 -mips2 -G 0 -non_shared,0,cloud/matches/boot_tail/func_8002389C.c,Native embedded-control wrapper; dispatcher and callee ABI inspected; first natural O2 form strict MATCH; independent source/ABI review and replay passed; exact-head CI required before integration.
0x800238C8,func_800238C8,44,BT05,verified_body,-g0 -O2 -mips2 -G 0 -non_shared,0,cloud/matches/boot_tail/func_800238C8.c,Native embedded-control wrapper; dispatcher and callee ABI inspected; first natural O2 form strict MATCH; independent source/ABI review and replay passed; exact-head CI required before integration.
0x800238F4,func_800238F4,44,BT05,verified_body,-g0 -O2 -mips2 -G 0 -non_shared,0,cloud/matches/boot_tail/func_800238F4.c,Native embedded-control wrapper; dispatcher and callee ABI inspected; first natural O2 form strict MATCH; independent source/ABI review and replay passed; exact-head CI required before integration.
0x80023920,func_80023920,44,BT05,verified_body,-g0 -O2 -mips2 -G 0 -non_shared,0,cloud/matches/boot_tail/func_80023920.c,Native embedded-control wrapper; dispatcher and callee ABI inspected; first natural O2 form strict MATCH; independent source/ABI review and replay passed; exact-head CI required before integration.
0x8002394C,func_8002394C,44,BT05,verified_body,-g0 -O2 -mips2 -G 0 -non_shared,0,cloud/matches/boot_tail/func_8002394C.c,Native embedded-control wrapper; dispatcher and callee ABI inspected; first natural O2 form strict MATCH; independent source/ABI review and replay passed; exact-head CI required before integration.
0x80023978,func_80023978,44,BT05,verified_body,-g0 -O2 -mips2 -G 0 -non_shared,0,cloud/matches/boot_tail/func_80023978.c,Native embedded-control wrapper; dispatcher and callee ABI inspected; first natural O2 form strict MATCH; independent source/ABI review and replay passed; exact-head CI required before integration.
