file	axes(2,2,2,2,2,2,2,2,2,2,2,2)
v0000.c	0 0 0 0 0 0 0 0 0 0 0 0
v0001.c	0 0 0 1 0 1 1 0 0 0 1 1
v0002.c	1 1 1 0 0 1 1 1 1 1 0 0
v0003.c	0 0 0 0 1 0 0 1 0 1 1 1
v0004.c	1 1 1 0 1 1 0 1 1 1 1 1
v0005.c	1 1 1 1 0 1 0 1 1 1 1 1
v0006.c	1 0 1 1 0 1 0 0 0 0 0 1
v0007.c	0 0 0 1 0 0 0 1 0 0 1 1
v0008.c	0 0 0 0 0 0 0 0 0 1 1 0
v0009.c	0 0 0 1 0 0 0 0 0 1 0 1
v0010.c	1 1 0 1 1 0 1 1 0 1 0 0
v0011.c	1 0 0 1 0 1 1 1 0 1 1 1
v0012.c	1 0 0 0 1 0 0 0 0 0 1 0
v0013.c	0 0 0 1 0 1 0 0 1 1 1 1
v0014.c	0 0 0 1 1 0 0 0 0 0 0 0
v0015.c	0 0 0 0 0 1 1 1 1 0 0 1
v0016.c	1 0 0 1 0 0 1 1 0 0 1 1
v0017.c	1 1 0 1 0 0 1 0 0 1 0 1
v0018.c	1 1 0 0 0 1 0 1 1 0 0 1
v0019.c	0 0 1 1 1 0 1 1 0 1 0 0
v0020.c	0 1 1 0 0 0 1 0 1 1 1 1
v0021.c	0 1 1 1 1 1 1 1 1 0 0 1
v0022.c	1 1 0 0 0 1 0 0 1 0 0 0
v0023.c	0 1 1 0 1 1 0 1 0 0 1 0
v0024.c	1 0 1 0 0 1 0 1 1 0 1 1
v0025.c	0 1 0 1 0 1 1 1 1 1 1 1
v0026.c	1 0 0 0 1 1 0 1 1 1 0 0
v0027.c	0 1 0 1 0 0 1 0 1 0 1 0
v0028.c	0 1 1 1 0 1 0 0 1 0 1 0
v0029.c	1 1 1 1 1 0 0 1 0 1 1 0
v0030.c	0 0 1 1 1 1 0 0 1 1 0 1
v0031.c	0 1 1 0 1 1 0 1 1 0 1 1
v0032.c	1 1 1 1 0 0 1 0 0 1 0 0
v0033.c	1 0 1 0 0 0 1 1 0 1 1 0
v0034.c	1 1 1 0 1 1 1 1 0 1 0 1
v0035.c	1 0 0 0 1 0 1 0 1 0 0 0
v0036.c	1 1 1 1 1 1 1 1 0 1 1 1
v0037.c	1 0 1 1 1 1 0 0 1 1 0 0
v0038.c	0 1 0 1 0 1 0 1 0 1 1 1
v0039.c	0 1 1 0 1 0 0 0 1 1 0 1
v0040.c	1 1 0 1 0 0 0 0 1 1 0 0
v0041.c	0 0 1 1 1 0 1 0 1 1 0 0
v0042.c	1 1 1 1 0 1 1 1 0 1 1 1
v0043.c	0 0 1 0 0 0 0 1 1 1 0 1
v0044.c	0 1 0 0 0 0 1 0 1 1 0 1
v0045.c	0 0 1 0 0 0 0 0 0 0 1 0
v0046.c	0 1 1 0 0 0 0 0 1 0 0 0
v0047.c	1 1 1 0 0 0 0 0 1 0 1 1
v0048.c	1 0 1 0 1 1 1 0 0 1 1 1
v0049.c	1 1 0 1 0 0 0 0 0 0 1 0
v0050.c	0 0 1 1 0 0 0 1 0 0 0 0
v0051.c	0 0 1 1 0 0 1 1 0 1 1 0
v0052.c	1 1 0 1 0 0 1 1 1 1 0 1
v0053.c	0 0 1 1 1 1 1 1 0 1 1 0
v0054.c	1 1 1 0 0 1 1 0 0 1 0 1
v0055.c	0 0 0 0 1 0 1 1 1 1 0 1
v0056.c	1 0 1 0 0 0 0 1 0 1 1 0
v0057.c	1 1 0 0 1 0 0 1 1 1 0 0
v0058.c	0 1 0 0 1 1 0 1 1 1 1 1
v0059.c	1 0 0 0 0 0 0 0 1 1 1 0
v0060.c	1 0 1 1 1 0 1 0 1 0 0 1
v0061.c	0 0 0 0 1 0 0 0 1 0 0 0
v0062.c	1 0 0 1 1 1 0 1 1 0 1 0
v0063.c	1 1 1 1 1 0 0 0 1 1 0 1
v0064.c	0 0 1 1 1 0 0 0 0 0 1 0
v0065.c	1 0 0 0 0 1 0 1 0 0 0 0
v0066.c	0 0 0 1 0 1 0 0 1 1 0 0
v0067.c	1 0 1 1 0 0 1 1 1 0 1 0
v0068.c	1 0 0 1 0 0 1 1 1 1 1 0
v0069.c	1 1 1 0 1 0 1 0 1 1 0 1
v0070.c	1 1 0 1 1 1 1 0 0 1 1 1
v0071.c	1 0 0 0 0 1 1 1 0 1 1 1
v0072.c	1 1 1 1 0 1 0 0 1 0 0 0
v0073.c	1 1 1 1 0 1 0 1 1 0 1 0
v0074.c	0 1 0 1 1 0 0 0 1 1 1 0
v0075.c	1 0 0 1 0 1 1 1 1 1 1 0
v0076.c	0 1 0 1 1 0 0 0 0 1 0 1
v0077.c	1 0 0 0 1 1 1 0 0 0 1 0
v0078.c	0 0 0 0 0 1 0 0 1 1 0 0
v0079.c	1 0 1 0 1 1 1 0 0 1 0 0
v0080.c	1 0 1 0 1 0 1 1 0 0 0 1
v0081.c	0 0 1 1 0 0 1 1 0 0 0 1
v0082.c	1 0 0 0 0 0 1 0 1 0 1 0
v0083.c	0 1 0 1 0 1 0 0 1 0 0 0
v0084.c	0 1 1 1 1 1 1 0 0 0 0 0
v0085.c	0 1 0 1 0 0 0 0 1 0 0 1
v0086.c	0 1 0 1 1 1 1 0 0 0 0 1
v0087.c	0 1 0 1 0 0 0 0 0 1 0 0
v0088.c	0 1 1 0 1 1 0 0 0 0 0 0
v0089.c	1 0 0 1 1 1 0 0 1 0 0 0
v0090.c	0 1 0 0 1 1 0 0 1 1 1 0
v0091.c	1 1 0 0 1 1 1 0 1 1 0 0
v0092.c	1 0 0 0 1 0 0 1 0 0 1 1
v0093.c	0 0 1 0 0 0 1 0 1 1 0 0
v0094.c	1 0 0 0 1 1 1 0 0 1 0 0
v0095.c	1 0 1 1 0 1 1 0 1 0 0 1
v0096.c	1 1 1 1 0 1 0 1 0 0 1 1
v0097.c	0 1 1 0 0 0 1 0 0 0 0 1
v0098.c	0 1 1 1 0 0 0 0 0 0 0 0
v0099.c	1 1 0 0 0 1 1 0 1 0 1 0
v0100.c	0 0 0 1 0 1 0 0 0 0 0 0
v0101.c	0 0 0 0 0 0 1 1 0 0 0 0
v0102.c	0 1 1 0 0 0 1 1 0 0 0 1
v0103.c	1 1 1 0 1 0 1 0 1 1 1 1
v0104.c	0 0 0 0 0 1 0 0 1 0 0 1
v0105.c	0 1 1 0 1 0 0 1 1 1 1 0
v0106.c	0 1 1 1 0 0 0 0 0 1 0 1
v0107.c	0 0 0 0 0 0 0 1 0 1 1 0
v0108.c	0 0 0 0 0 0 1 1 0 0 1 0
v0109.c	0 0 0 0 0 1 1 0 0 0 1 0
v0110.c	0 1 0 0 0 0 1 1 1 0 1 0
v0111.c	1 1 0 0 0 1 1 0 1 1 1 0
v0112.c	1 0 1 1 0 1 0 1 1 0 1 1
v0113.c	1 1 0 0 0 0 0 1 0 1 1 0
v0114.c	0 0 0 0 0 1 0 0 1 1 0 1
v0115.c	0 0 1 1 0 0 0 1 0 0 0 1
v0116.c	1 1 0 0 1 1 0 1 0 1 1 0
v0117.c	0 1 0 0 0 0 1 0 1 1 1 0
v0118.c	0 0 0 1 1 0 0 0 0 1 0 0
v0119.c	1 1 0 0 1 0 1 0 0 0 1 1
v0120.c	1 1 1 1 0 1 0 0 0 1 1 1
v0121.c	1 1 1 0 1 0 0 0 1 0 0 0
v0122.c	1 1 1 0 0 1 1 0 0 1 1 1
v0123.c	1 1 1 1 1 1 0 1 0 0 0 1
v0124.c	1 1 0 1 1 1 1 1 0 1 1 1
v0125.c	0 0 0 0 1 0 1 0 1 1 1 0
v0126.c	1 1 1 1 1 0 1 0 1 0 0 0
v0127.c	0 0 1 1 0 1 1 0 0 0 0 0
v0128.c	1 0 1 1 0 1 0 1 0 1 1 1
v0129.c	0 0 1 0 1 1 1 1 0 1 1 0
v0130.c	1 1 0 1 1 0 1 1 1 1 0 1
v0131.c	0 0 0 0 0 1 1 0 0 0 0 1
v0132.c	1 1 0 0 0 0 1 1 1 1 1 1
v0133.c	0 1 1 0 1 1 0 0 1 1 1 1
v0134.c	0 1 1 1 0 0 1 0 1 1 0 1
v0135.c	0 1 0 0 0 1 0 0 0 0 1 0
v0136.c	1 0 1 1 1 0 0 1 0 1 0 0
v0137.c	0 0 1 0 1 0 0 1 0 0 1 1
v0138.c	0 0 0 1 0 1 0 1 0 0 0 0
v0139.c	1 0 0 1 1 1 1 0 1 1 0 0
v0140.c	1 1 0 1 1 0 0 1 1 0 1 1
v0141.c	1 0 0 1 1 1 0 0 0 1 1 1
v0142.c	1 1 1 1 1 0 0 0 0 0 0 0
v0143.c	0 1 0 1 1 0 1 1 0 0 0 1
v0144.c	1 0 0 1 0 0 0 0 0 0 0 0
v0145.c	1 0 0 1 0 0 1 0 1 0 0 0
v0146.c	0 1 0 1 1 1 0 0 0 0 1 0
v0147.c	1 0 1 0 0 1 1 1 0 0 1 0
v0148.c	0 0 0 1 1 1 1 1 1 1 0 1
v0149.c	1 1 0 0 0 1 0 1 0 1 0 0
v0150.c	0 1 1 0 0 1 0 0 0 0 0 1
v0151.c	0 0 1 1 0 1 1 1 0 0 0 1
v0152.c	1 1 0 1 1 0 1 1 0 0 0 1
v0153.c	1 0 0 1 1 1 1 0 0 1 0 1
v0154.c	1 1 0 0 1 0 1 1 0 1 1 1
v0155.c	1 1 1 0 1 1 1 0 0 1 0 0
v0156.c	0 1 1 1 0 1 0 0 0 0 0 1
v0157.c	1 0 0 0 0 1 0 0 1 0 1 1
v0158.c	0 0 1 0 0 1 1 0 0 1 1 1
v0159.c	1 0 1 1 0 1 0 0 1 1 0 0
v0160.c	1 0 1 0 1 1 0 1 1 1 1 1
v0161.c	0 1 1 0 1 1 1 1 0 0 0 1
v0162.c	1 1 1 0 1 1 1 0 1 1 0 0
v0163.c	1 0 0 1 0 1 0 1 1 1 1 1
v0164.c	1 1 0 1 0 1 0 1 0 0 1 0
v0165.c	1 1 0 1 1 0 1 1 1 0 1 0
v0166.c	0 1 1 0 0 1 0 1 1 1 1 0
v0167.c	1 1 1 1 0 1 0 0 0 0 1 0
v0168.c	1 0 0 1 1 1 1 1 0 0 0 1
v0169.c	0 0 1 1 1 1 0 0 1 1 1 0
v0170.c	1 1 0 1 1 0 1 0 1 0 1 0
v0171.c	0 0 0 1 1 1 0 0 1 0 1 1
v0172.c	1 0 0 1 1 0 0 1 1 0 1 0
v0173.c	1 1 1 1 1 1 1 0 1 0 1 1
v0174.c	1 0 1 1 0 1 1 0 0 1 0 0
v0175.c	0 0 0 0 0 0 0 0 1 1 0 0
v0176.c	1 0 1 1 0 1 0 0 1 0 1 1
v0177.c	0 1 1 0 0 0 0 1 0 0 0 1
v0178.c	0 1 0 1 0 0 1 0 0 1 1 1
v0179.c	0 1 0 0 0 0 1 1 0 1 0 0
v0180.c	1 1 1 0 0 1 0 1 0 1 1 0
v0181.c	0 0 1 1 0 0 1 1 0 0 1 1
v0182.c	0 1 1 1 0 1 1 1 1 0 1 1
v0183.c	1 0 1 0 0 1 1 0 1 1 0 1
v0184.c	1 0 0 0 0 1 0 0 0 1 1 1
v0185.c	0 1 1 0 0 1 0 1 0 1 1 1
v0186.c	0 1 1 0 1 0 0 1 1 0 1 0
v0187.c	1 1 0 1 1 0 0 0 0 0 0 1
v0188.c	1 1 0 0 0 1 1 1 1 1 1 0
v0189.c	0 1 1 1 0 1 0 1 1 0 1 1
v0190.c	1 1 1 0 1 1 1 0 1 0 1 0
v0191.c	0 0 1 0 1 1 1 1 0 0 0 1
v0192.c	0 0 0 0 0 1 0 0 0 0 0 1
v0193.c	0 0 1 1 0 1 0 1 0 0 1 1
v0194.c	0 0 0 1 0 1 1 1 0 1 1 0
v0195.c	1 0 0 0 0 1 1 1 1 0 0 1
v0196.c	0 1 1 0 1 0 1 0 0 0 0 1
v0197.c	1 0 1 1 1 1 1 0 0 0 1 0
v0198.c	1 1 1 0 1 1 0 0 1 0 1 0
v0199.c	1 1 0 0 0 1 1 1 1 0 0 0
