file	axes(2,2,2,2,2,2,2,2,2,2,2,2,2)
v0000.c	0 0 0 0 0 0 0 0 0 0 0 0 0
v0001.c	0 0 1 0 1 1 1 1 0 0 1 0 1
v0002.c	1 0 1 1 0 0 1 0 0 0 0 1 0
v0003.c	1 0 0 1 1 0 1 0 0 1 1 0 1
v0004.c	0 0 1 0 1 1 0 1 1 1 1 0 1
v0005.c	0 1 1 0 1 1 0 1 0 0 1 1 1
v0006.c	0 1 0 1 1 0 0 0 0 0 0 1 1
v0007.c	1 1 1 0 1 0 0 1 0 1 1 0 1
v0008.c	1 1 1 1 0 1 1 0 0 0 0 0 1
v0009.c	0 0 0 0 1 0 1 0 1 0 0 1 1
v0010.c	0 0 0 1 0 1 1 1 1 1 1 0 0
v0011.c	1 1 1 1 0 1 0 1 0 1 0 0 0
v0012.c	1 0 0 0 1 1 0 1 0 0 1 1 1
v0013.c	0 1 0 0 0 1 0 0 1 1 0 1 1
v0014.c	0 0 0 0 1 0 0 1 0 1 0 0 1
v0015.c	0 1 0 1 1 1 0 1 1 1 0 0 0
v0016.c	1 0 1 1 0 1 0 1 1 1 0 0 0
v0017.c	0 0 0 0 0 1 1 1 1 1 1 0 1
v0018.c	0 1 0 0 1 0 1 0 1 0 0 1 0
v0019.c	1 0 0 0 1 1 1 0 1 1 0 0 1
v0020.c	0 0 0 1 0 0 0 0 1 0 0 1 0
v0021.c	0 0 0 1 1 1 1 1 1 0 0 1 0
v0022.c	0 0 1 1 1 1 1 1 0 0 1 1 0
v0023.c	1 0 1 1 1 0 0 1 0 0 1 0 1
v0024.c	0 1 0 1 0 1 1 0 1 0 1 1 0
v0025.c	1 0 0 0 0 0 0 1 0 1 0 0 0
v0026.c	0 1 1 1 1 0 0 1 0 0 0 0 0
v0027.c	1 1 0 1 0 0 0 0 1 0 0 1 1
v0028.c	0 0 0 1 0 1 1 1 1 1 0 1 1
v0029.c	0 1 1 0 1 0 0 1 0 0 0 1 1
v0030.c	1 1 0 0 0 1 0 0 1 1 0 0 1
v0031.c	1 1 0 1 1 1 0 0 0 1 0 0 1
v0032.c	1 1 1 0 1 0 0 1 0 0 1 1 0
v0033.c	0 1 1 1 1 0 0 0 1 0 1 0 0
v0034.c	0 1 0 1 1 1 0 1 1 0 1 0 0
v0035.c	1 1 0 1 1 0 1 0 0 1 0 0 0
v0036.c	1 0 0 1 0 0 1 1 1 1 0 1 1
v0037.c	1 0 0 1 0 1 0 0 0 0 1 0 0
v0038.c	1 1 1 1 1 0 0 1 1 1 1 1 1
v0039.c	1 0 1 1 0 0 1 0 1 1 1 0 1
v0040.c	0 1 0 1 1 1 1 0 1 0 1 0 1
v0041.c	0 1 1 0 0 0 1 1 1 1 0 1 1
v0042.c	1 0 1 0 1 0 1 0 1 0 1 0 0
v0043.c	0 0 1 1 1 0 0 0 1 1 0 0 1
v0044.c	1 0 0 1 1 1 0 1 1 0 1 1 1
v0045.c	0 1 0 0 1 1 1 0 1 0 0 0 1
v0046.c	0 1 1 0 0 0 1 1 1 1 0 0 0
v0047.c	1 0 0 0 1 1 1 0 0 0 0 0 0
v0048.c	0 1 1 1 1 0 0 0 0 1 0 1 1
v0049.c	1 0 0 0 1 1 1 0 1 1 1 1 0
v0050.c	0 0 0 0 0 1 1 1 1 0 1 0 0
v0051.c	0 0 1 0 0 1 1 0 0 1 1 0 0
v0052.c	0 0 0 1 0 1 0 0 0 1 0 1 0
v0053.c	1 1 1 1 1 0 0 0 0 1 1 0 1
v0054.c	1 0 1 0 1 0 1 0 0 0 0 0 1
v0055.c	0 0 0 1 1 0 1 0 0 0 1 0 1
v0056.c	1 0 1 0 1 1 0 1 0 1 0 1 1
v0057.c	0 1 1 0 1 0 1 0 0 1 1 1 1
v0058.c	0 0 1 0 1 0 0 1 1 1 0 1 1
v0059.c	0 0 0 1 1 1 1 1 1 1 1 0 0
v0060.c	0 1 1 1 0 1 1 1 1 1 1 0 0
v0061.c	0 0 1 1 0 1 1 1 1 1 1 1 0
v0062.c	0 0 1 0 0 0 0 1 0 0 1 0 0
v0063.c	1 0 0 0 0 0 1 0 1 1 1 0 0
v0064.c	1 0 1 1 1 0 1 0 1 1 0 0 1
v0065.c	1 0 1 1 0 1 1 0 0 1 0 0 1
v0066.c	1 1 1 1 1 1 1 0 1 0 0 1 0
v0067.c	1 0 1 1 1 1 0 0 0 0 1 1 1
v0068.c	1 1 1 1 1 1 0 1 1 0 1 0 0
v0069.c	0 1 1 0 1 1 1 1 1 1 1 1 1
v0070.c	0 1 1 1 0 0 0 0 0 0 0 0 1
v0071.c	0 1 0 1 0 0 0 1 0 0 1 1 0
v0072.c	0 1 0 1 1 0 1 0 0 0 1 0 1
v0073.c	1 1 1 0 1 0 0 1 0 0 1 1 1
v0074.c	1 0 1 1 0 0 1 1 0 1 1 0 0
v0075.c	1 1 0 1 0 0 1 0 1 0 0 1 1
v0076.c	1 1 1 1 1 0 1 1 1 0 1 0 0
v0077.c	1 0 0 1 0 0 1 1 1 1 0 0 0
v0078.c	1 0 0 0 0 0 0 0 1 1 1 0 0
v0079.c	1 0 0 0 1 1 1 1 0 0 1 1 0
v0080.c	0 1 0 0 1 0 0 0 1 1 0 1 0
v0081.c	1 0 0 0 1 1 0 0 1 1 0 1 0
v0082.c	1 0 1 1 0 1 1 1 1 0 1 0 0
v0083.c	0 0 0 0 1 1 0 1 1 1 1 0 1
v0084.c	0 1 0 1 0 1 1 0 0 0 0 0 1
v0085.c	1 1 1 0 0 1 1 1 0 0 1 1 0
v0086.c	0 0 1 0 1 0 1 1 1 1 1 1 1
v0087.c	0 0 1 0 0 0 0 0 1 1 1 1 0
v0088.c	0 0 1 0 0 0 1 1 1 1 0 1 1
v0089.c	1 1 1 1 1 0 0 0 1 0 0 1 1
v0090.c	0 0 1 0 1 0 1 0 0 0 1 1 0
v0091.c	1 1 1 1 0 1 1 1 0 1 1 0 0
v0092.c	0 1 1 0 0 0 0 1 1 1 0 0 0
v0093.c	1 0 1 1 0 1 0 0 1 0 0 1 0
v0094.c	0 0 0 1 0 0 1 0 0 0 0 0 1
v0095.c	1 0 0 1 0 0 1 0 0 0 0 1 1
v0096.c	1 1 0 0 1 1 1 0 1 1 0 1 1
v0097.c	1 0 1 1 0 0 1 1 0 1 1 1 1
v0098.c	1 1 1 0 0 0 1 0 0 0 0 1 0
v0099.c	0 1 1 0 0 0 0 0 0 1 1 1 0
v0100.c	0 0 0 1 0 1 0 1 1 0 0 1 0
v0101.c	1 1 1 0 1 0 1 0 1 0 1 1 1
v0102.c	1 0 1 0 0 0 1 1 0 1 0 0 0
v0103.c	1 1 1 1 1 1 0 0 0 0 1 0 1
v0104.c	0 1 1 0 0 0 0 1 1 0 0 0 1
v0105.c	1 0 0 1 0 1 0 1 0 0 0 1 1
v0106.c	0 0 1 0 1 1 1 1 1 1 0 1 0
v0107.c	1 1 1 0 1 0 1 1 1 0 0 0 0
v0108.c	0 1 1 1 0 1 0 1 0 1 1 0 0
v0109.c	1 1 0 0 0 0 1 1 1 1 1 1 1
v0110.c	0 0 0 1 1 1 0 0 0 1 1 0 0
v0111.c	1 1 0 0 0 1 1 0 1 0 0 1 1
v0112.c	1 0 0 1 1 0 0 1 1 0 0 1 0
v0113.c	0 0 0 0 0 1 1 0 0 1 1 1 1
v0114.c	0 0 0 1 0 0 1 0 0 0 0 0 0
v0115.c	0 0 1 1 0 1 1 1 1 0 0 0 0
v0116.c	1 1 1 1 0 1 0 0 1 1 1 0 1
v0117.c	0 1 1 1 1 0 1 1 1 1 1 1 0
v0118.c	0 1 1 1 0 1 0 1 1 0 1 1 0
v0119.c	0 1 0 1 0 1 1 0 1 1 1 0 0
v0120.c	0 1 0 0 0 1 1 1 0 0 0 1 1
v0121.c	1 1 1 1 0 0 1 0 0 0 0 0 1
v0122.c	1 0 0 1 1 0 1 1 1 0 0 0 1
v0123.c	1 1 1 1 0 1 1 1 0 1 0 1 0
v0124.c	0 1 1 1 0 0 0 0 0 1 0 0 0
v0125.c	0 0 1 0 0 0 0 0 1 1 0 0 0
v0126.c	1 0 1 1 1 0 0 0 1 0 0 1 0
v0127.c	1 1 1 0 0 0 0 0 0 0 0 1 0
v0128.c	0 1 0 0 1 0 0 0 1 1 0 0 1
v0129.c	0 0 0 0 0 0 0 0 0 0 1 1 1
v0130.c	1 1 1 1 1 0 1 0 1 0 1 0 0
v0131.c	0 1 0 0 0 0 1 0 1 1 0 1 1
v0132.c	1 0 1 0 1 1 0 0 1 0 0 1 0
v0133.c	0 0 1 1 1 1 1 0 0 1 0 1 0
v0134.c	0 0 1 1 1 0 1 0 0 1 0 0 0
v0135.c	0 0 1 1 0 0 0 0 1 1 1 1 0
v0136.c	1 0 1 0 1 0 0 0 0 0 0 0 1
v0137.c	1 0 0 1 0 0 0 0 1 0 1 0 0
v0138.c	0 1 1 0 0 1 1 1 0 1 0 1 1
v0139.c	1 0 1 1 1 0 1 0 1 0 0 1 0
v0140.c	1 1 1 1 1 1 0 1 0 1 0 0 1
v0141.c	1 0 1 1 1 1 1 0 1 0 1 0 1
v0142.c	1 0 1 1 0 1 0 0 0 0 0 0 1
v0143.c	1 1 0 1 1 0 1 1 0 1 0 1 1
v0144.c	1 0 1 0 1 1 0 0 0 1 0 1 1
v0145.c	0 1 1 0 0 0 1 0 0 1 1 0 1
v0146.c	1 0 0 1 0 0 1 0 1 1 1 1 0
v0147.c	1 0 1 0 0 1 0 1 1 0 1 1 1
v0148.c	1 0 0 0 0 0 1 0 1 1 0 1 1
v0149.c	0 0 1 1 1 1 1 0 1 0 0 0 0
v0150.c	0 1 1 1 1 0 1 0 1 1 1 1 1
v0151.c	0 0 1 1 1 0 1 0 1 0 0 0 0
v0152.c	1 0 0 0 1 0 1 0 1 1 1 1 0
v0153.c	1 1 1 1 1 1 1 1 0 0 1 0 1
v0154.c	0 1 0 0 1 1 1 1 1 1 1 1 1
v0155.c	0 0 0 0 0 0 1 0 1 1 0 1 1
v0156.c	1 1 0 1 0 1 1 1 0 0 1 1 0
v0157.c	0 0 1 1 0 1 0 1 0 1 0 1 0
v0158.c	0 0 1 0 1 1 1 1 0 0 0 0 0
v0159.c	0 0 1 0 1 0 1 1 0 0 1 0 0
v0160.c	0 1 1 0 0 0 1 0 0 1 0 1 1
v0161.c	0 1 1 0 1 0 0 0 0 1 0 1 0
v0162.c	0 0 0 1 1 0 1 1 1 0 1 1 1
v0163.c	1 1 1 1 0 0 0 0 0 0 0 0 1
v0164.c	1 1 0 0 0 0 0 1 1 1 0 0 1
v0165.c	1 1 0 1 0 1 0 1 0 0 0 1 0
v0166.c	0 1 0 0 1 0 1 0 1 0 1 0 1
v0167.c	0 0 1 1 0 1 1 1 1 0 0 0 1
v0168.c	0 0 1 0 0 0 0 0 1 0 0 1 1
v0169.c	0 1 1 1 0 0 1 1 1 0 1 1 1
v0170.c	1 0 1 0 1 1 1 0 1 1 1 1 1
v0171.c	0 1 0 0 0 1 0 1 1 1 1 0 0
v0172.c	0 1 0 1 1 1 1 0 0 0 1 0 1
v0173.c	1 0 1 0 1 0 0 1 1 0 1 1 0
v0174.c	0 0 0 0 0 0 1 0 0 0 0 0 0
v0175.c	1 1 0 0 0 0 1 1 1 1 0 0 0
v0176.c	0 0 1 0 1 1 0 0 1 0 1 0 1
v0177.c	0 1 1 1 1 0 0 1 0 1 1 0 0
v0178.c	0 1 0 1 1 0 1 0 0 0 1 0 0
v0179.c	1 1 1 1 1 0 1 0 1 0 0 1 1
v0180.c	1 0 0 1 1 1 1 0 1 0 1 0 0
v0181.c	1 1 1 0 1 0 0 1 1 0 1 0 1
v0182.c	1 0 0 1 0 1 0 0 0 1 0 1 0
v0183.c	1 0 0 0 0 1 1 1 0 1 1 1 0
v0184.c	1 0 1 0 0 0 1 1 1 1 0 1 1
v0185.c	0 0 0 0 0 1 1 0 0 0 0 1 1
v0186.c	0 0 0 1 0 1 0 1 0 1 1 1 0
v0187.c	0 0 0 0 1 1 0 0 1 1 0 0 0
v0188.c	0 1 0 1 1 1 1 1 1 0 0 0 1
v0189.c	0 0 0 1 1 1 0 0 0 0 0 0 0
v0190.c	0 1 0 0 1 0 0 0 0 0 0 0 1
v0191.c	0 1 0 1 0 1 1 1 1 1 1 1 0
v0192.c	0 1 1 0 0 0 0 1 0 0 1 1 0
v0193.c	1 1 0 0 0 1 1 1 0 0 0 1 1
v0194.c	1 0 1 0 0 0 0 0 1 0 0 1 1
v0195.c	0 0 0 0 1 1 0 0 1 0 1 0 0
v0196.c	0 1 1 1 1 1 0 1 1 1 1 1 0
v0197.c	1 0 0 1 0 0 1 1 0 1 0 0 1
v0198.c	1 0 1 0 1 1 0 0 1 1 1 0 1
v0199.c	0 1 1 1 1 1 0 1 0 0 0 0 1
v0200.c	0 1 1 0 1 1 0 1 1 0 0 1 0
v0201.c	0 1 0 1 0 0 0 0 1 0 0 1 0
v0202.c	1 0 0 1 0 1 1 0 0 1 1 1 1
v0203.c	1 1 1 0 0 1 1 0 1 0 0 1 1
v0204.c	1 1 1 1 1 1 1 0 1 0 1 0 0
v0205.c	1 1 0 1 1 1 0 0 1 0 0 0 0
v0206.c	1 0 0 0 0 1 1 0 0 1 0 1 0
v0207.c	1 1 0 1 1 1 1 1 0 0 1 1 1
v0208.c	1 1 1 0 0 0 1 1 1 0 1 0 0
v0209.c	0 0 1 0 1 0 0 1 0 0 1 1 1
v0210.c	1 0 0 0 1 0 0 0 1 1 1 1 1
v0211.c	1 1 0 0 0 1 0 0 0 0 0 0 1
v0212.c	0 1 1 1 1 1 0 1 1 0 0 1 0
v0213.c	0 1 0 1 1 0 1 1 0 1 1 0 1
v0214.c	0 1 1 0 0 0 1 1 0 1 0 0 1
v0215.c	1 0 1 1 1 0 1 1 0 1 0 1 1
v0216.c	0 0 1 1 1 1 0 1 0 1 1 1 0
v0217.c	1 0 0 0 1 0 1 0 0 0 0 0 0
v0218.c	0 0 0 0 1 1 0 1 0 0 1 0 0
v0219.c	1 0 1 1 0 1 0 0 0 1 0 1 0
v0220.c	0 0 1 1 1 1 1 0 0 1 0 0 1
v0221.c	1 0 1 0 1 0 1 1 0 1 0 0 0
v0222.c	0 1 1 0 1 1 1 1 0 1 0 1 1
v0223.c	0 0 0 0 1 1 1 0 1 0 1 1 0
v0224.c	1 0 0 0 1 1 0 0 1 0 0 0 1
v0225.c	1 1 1 1 0 0 0 1 1 0 1 0 0
v0226.c	0 1 0 0 1 1 1 0 0 0 1 1 1
v0227.c	1 1 1 1 1 1 0 1 0 1 1 1 0
v0228.c	0 0 0 0 1 1 1 1 0 0 1 0 0
v0229.c	1 1 1 0 1 0 1 0 1 0 1 1 0
v0230.c	1 1 1 0 1 1 1 0 1 0 1 1 1
v0231.c	1 1 0 1 1 1 0 1 1 1 1 0 1
v0232.c	0 0 0 1 0 1 0 1 0 1 0 0 1
v0233.c	0 1 1 0 0 0 1 0 1 0 0 1 0
v0234.c	1 1 0 0 0 1 1 0 1 1 1 0 0
v0235.c	1 1 1 0 0 1 1 0 0 1 0 1 1
v0236.c	0 1 0 1 0 1 0 0 1 1 1 1 0
v0237.c	1 0 1 0 1 0 0 0 1 0 1 0 1
v0238.c	1 0 1 0 0 0 0 1 0 0 1 0 0
v0239.c	1 0 0 1 1 0 0 0 0 1 1 1 0
v0240.c	1 1 0 1 1 0 1 1 1 0 0 0 0
v0241.c	0 1 0 1 0 0 0 0 1 1 1 0 1
v0242.c	1 0 0 0 1 1 1 1 1 1 0 1 1
v0243.c	1 1 0 1 0 1 0 0 1 0 1 0 1
v0244.c	1 0 1 1 0 1 1 1 1 1 1 0 1
v0245.c	1 1 0 0 0 1 1 1 1 0 1 0 1
v0246.c	0 0 0 1 1 0 0 0 0 1 1 1 0
v0247.c	1 1 0 0 0 0 0 0 1 0 0 1 1
v0248.c	0 0 1 0 0 0 0 1 1 0 0 0 0
v0249.c	1 0 1 1 0 0 1 0 0 0 0 0 0
v0250.c	0 1 0 1 0 1 1 0 1 1 0 0 0
v0251.c	1 1 1 0 1 1 1 0 0 0 1 1 0
v0252.c	1 1 1 0 1 0 1 1 0 0 0 1 0
v0253.c	0 0 1 0 1 1 0 1 0 0 1 1 0
v0254.c	1 0 1 1 1 0 0 0 0 1 0 0 1
v0255.c	1 1 1 0 1 1 0 0 0 0 1 0 0
v0256.c	1 0 1 0 0 1 1 0 0 0 1 1 1
v0257.c	0 0 1 0 1 0 0 0 0 1 1 1 0
v0258.c	0 1 0 0 0 1 0 0 1 0 1 0 0
v0259.c	0 1 1 1 0 1 1 0 1 1 0 1 0
v0260.c	1 1 0 0 1 1 1 0 1 0 1 1 0
v0261.c	0 0 0 0 1 1 0 1 1 0 0 0 0
v0262.c	1 1 1 1 0 1 0 1 1 0 0 1 1
v0263.c	0 0 0 1 0 1 0 0 0 0 1 0 1
v0264.c	0 0 0 0 0 0 1 1 1 0 0 0 0
v0265.c	1 1 1 1 0 1 1 1 1 1 1 1 0
v0266.c	1 0 1 0 0 1 0 0 0 1 0 0 0
v0267.c	1 1 0 1 0 0 0 0 1 1 0 0 0
v0268.c	0 1 1 0 1 1 0 0 0 1 0 1 0
v0269.c	1 1 0 0 0 1 1 1 1 1 1 0 0
v0270.c	1 1 1 1 0 1 1 0 0 1 1 0 0
v0271.c	1 0 0 1 0 0 1 0 0 1 0 1 1
v0272.c	0 0 1 1 1 1 0 1 0 0 1 1 0
v0273.c	1 0 0 0 0 0 1 0 0 1 1 0 0
v0274.c	0 0 0 0 0 0 0 1 0 1 1 0 0
v0275.c	1 1 1 0 0 1 0 1 1 1 1 1 1
v0276.c	1 1 0 0 0 1 0 0 0 0 0 1 0
v0277.c	0 1 0 1 1 1 1 0 1 1 0 0 0
v0278.c	1 1 0 1 1 0 1 1 1 0 0 1 0
v0279.c	1 1 1 1 1 0 0 0 1 1 0 1 0
v0280.c	0 1 1 1 0 0 0 0 0 1 1 1 1
v0281.c	0 0 1 1 1 1 1 0 1 0 1 1 1
v0282.c	1 1 1 1 0 0 1 1 1 0 1 0 0
v0283.c	1 0 1 1 1 0 1 0 0 1 1 1 1
v0284.c	0 0 0 0 1 1 0 0 1 1 1 0 1
v0285.c	1 0 1 1 0 1 1 0 1 1 0 0 0
v0286.c	0 1 1 1 1 0 1 0 1 0 0 1 1
v0287.c	0 1 0 0 0 1 0 1 0 1 0 1 1
v0288.c	1 0 0 0 1 1 1 1 0 1 1 1 0
v0289.c	0 1 0 1 0 0 1 1 0 1 0 0 1
v0290.c	0 0 1 0 0 1 0 1 1 1 1 1 1
v0291.c	0 0 0 0 1 0 0 0 0 0 1 0 0
v0292.c	0 1 0 0 1 1 0 1 0 0 1 1 1
v0293.c	0 0 1 0 0 0 0 0 0 0 1 0 0
v0294.c	1 1 1 1 0 0 1 0 1 0 1 1 1
v0295.c	0 0 0 0 1 0 0 0 0 1 0 1 1
v0296.c	1 0 1 0 0 1 0 0 1 0 0 1 0
v0297.c	0 1 1 1 0 0 0 1 0 0 0 0 0
v0298.c	1 0 0 0 1 0 1 0 0 1 0 1 1
v0299.c	0 1 0 1 0 1 0 0 1 1 0 0 1
