file	generator	edit
v0000.c	control	base unedited
v0001.c	commute	best.C.L46-p0
v0002.c	commute	best.C.L46-p1
v0003.c	commute	best.C.L47-p0
v0004.c	commute	best.C.L47-p1
v0005.c	commute	best.C.L48-p0
v0006.c	hoist	best.A.L46-a0.count
v0007.c	hoist	best.A.L46-a0.dx
v0008.c	hoist	best.A.L46-a0.dy
v0009.c	hoist	best.A.L46-a0.height
v0010.c	hoist	best.A.L46-a0.width
v0011.c	hoist	best.A.L46-a0.x
v0012.c	hoist	best.A.L46-a0.y
v0013.c	hoist	best.A.L46-a1.count
v0014.c	hoist	best.A.L46-a1.dx
v0015.c	hoist	best.A.L46-a1.dy
v0016.c	hoist	best.A.L46-a1.height
v0017.c	hoist	best.A.L46-a1.width
v0018.c	hoist	best.A.L46-a1.x
v0019.c	hoist	best.A.L46-a1.y
v0020.c	hoist	best.A.L46-a2.count
v0021.c	hoist	best.A.L46-a2.dx
v0022.c	hoist	best.A.L46-a2.dy
v0023.c	hoist	best.A.L46-a2.height
v0024.c	hoist	best.A.L46-a2.width
v0025.c	hoist	best.A.L46-a2.x
v0026.c	hoist	best.A.L46-a2.y
v0027.c	hoist	best.A.L46-a3.count
v0028.c	hoist	best.A.L46-a3.dx
v0029.c	hoist	best.A.L46-a3.dy
v0030.c	hoist	best.A.L46-a3.height
v0031.c	hoist	best.A.L46-a3.width
v0032.c	hoist	best.A.L46-a3.x
v0033.c	hoist	best.A.L46-a3.y
v0034.c	hoist	best.A.L46-a4.count
v0035.c	hoist	best.A.L46-a4.dx
v0036.c	hoist	best.A.L46-a4.dy
v0037.c	hoist	best.A.L46-a4.height
v0038.c	hoist	best.A.L46-a4.width
v0039.c	hoist	best.A.L46-a4.x
v0040.c	hoist	best.A.L46-a4.y
v0041.c	hoist	best.A.L47-a0.count
v0042.c	hoist	best.A.L47-a0.dx
v0043.c	hoist	best.A.L47-a0.dy
v0044.c	hoist	best.A.L47-a0.height
v0045.c	hoist	best.A.L47-a0.width
v0046.c	hoist	best.A.L47-a0.x
v0047.c	hoist	best.A.L47-a0.y
v0048.c	hoist	best.A.L47-a1.count
v0049.c	hoist	best.A.L47-a1.dx
v0050.c	hoist	best.A.L47-a1.dy
v0051.c	hoist	best.A.L47-a1.height
v0052.c	hoist	best.A.L47-a1.width
v0053.c	hoist	best.A.L47-a1.x
v0054.c	hoist	best.A.L47-a1.y
v0055.c	hoist	best.A.L47-a2.count
v0056.c	hoist	best.A.L47-a2.dx
v0057.c	hoist	best.A.L47-a2.dy
v0058.c	hoist	best.A.L47-a2.height
v0059.c	hoist	best.A.L47-a2.width
v0060.c	hoist	best.A.L47-a2.x
v0061.c	hoist	best.A.L47-a2.y
v0062.c	hoist	best.A.L47-a3.count
v0063.c	hoist	best.A.L47-a3.dx
v0064.c	hoist	best.A.L47-a3.dy
v0065.c	hoist	best.A.L47-a3.height
v0066.c	hoist	best.A.L47-a3.width
v0067.c	hoist	best.A.L47-a3.x
v0068.c	hoist	best.A.L47-a3.y
v0069.c	hoist	best.A.L47-a4.count
v0070.c	hoist	best.A.L47-a4.dx
v0071.c	hoist	best.A.L47-a4.dy
v0072.c	hoist	best.A.L47-a4.height
v0073.c	hoist	best.A.L47-a4.width
v0074.c	hoist	best.A.L47-a4.x
v0075.c	hoist	best.A.L47-a4.y
v0076.c	hoist	best.A.L47-a5.count
v0077.c	hoist	best.A.L47-a5.dx
v0078.c	hoist	best.A.L47-a5.dy
v0079.c	hoist	best.A.L47-a5.height
v0080.c	hoist	best.A.L47-a5.width
v0081.c	hoist	best.A.L47-a5.x
v0082.c	hoist	best.A.L47-a5.y
v0083.c	hoist	best.A.L48-a0.count
v0084.c	hoist	best.A.L48-a0.dx
v0085.c	hoist	best.A.L48-a0.dy
v0086.c	hoist	best.A.L48-a0.flags
v0087.c	hoist	best.A.L48-a0.height
v0088.c	hoist	best.A.L48-a0.width
v0089.c	hoist	best.A.L48-a0.x
v0090.c	hoist	best.A.L48-a0.y
v0091.c	hoist	best.A.L48-a1.count
v0092.c	hoist	best.A.L48-a1.dx
v0093.c	hoist	best.A.L48-a1.dy
v0094.c	hoist	best.A.L48-a1.flags
v0095.c	hoist	best.A.L48-a1.height
v0096.c	hoist	best.A.L48-a1.width
v0097.c	hoist	best.A.L48-a1.x
v0098.c	hoist	best.A.L48-a1.y
v0099.c	hoist	best.A.L48-a2.count
v0100.c	hoist	best.A.L48-a2.dx
v0101.c	hoist	best.A.L48-a2.dy
v0102.c	hoist	best.A.L48-a2.flags
v0103.c	hoist	best.A.L48-a2.height
v0104.c	hoist	best.A.L48-a2.width
v0105.c	hoist	best.A.L48-a2.x
v0106.c	hoist	best.A.L48-a2.y
v0107.c	hoist	best.A.L48-a3.count
v0108.c	hoist	best.A.L48-a3.dx
v0109.c	hoist	best.A.L48-a3.dy
v0110.c	hoist	best.A.L48-a3.flags
v0111.c	hoist	best.A.L48-a3.height
v0112.c	hoist	best.A.L48-a3.width
v0113.c	hoist	best.A.L48-a3.x
v0114.c	hoist	best.A.L48-a3.y
v0115.c	hoist	best.A.L65-a0.count
v0116.c	hoist	best.A.L65-a0.dx
v0117.c	hoist	best.A.L65-a0.dy
v0118.c	hoist	best.A.L65-a0.flags
v0119.c	hoist	best.A.L65-a0.height
v0120.c	hoist	best.A.L65-a0.width
v0121.c	hoist	best.A.L65-a0.x
v0122.c	hoist	best.A.L65-a0.y
v0123.c	hoist	best.A.L67-a1.bottom
v0124.c	hoist	best.A.L67-a1.count
v0125.c	hoist	best.A.L67-a1.dx
v0126.c	hoist	best.A.L67-a1.dy
v0127.c	hoist	best.A.L67-a1.flags
v0128.c	hoist	best.A.L67-a1.height
v0129.c	hoist	best.A.L67-a1.left
v0130.c	hoist	best.A.L67-a1.list
v0131.c	hoist	best.A.L67-a1.right
v0132.c	hoist	best.A.L67-a1.scale
v0133.c	hoist	best.A.L67-a1.top
v0134.c	hoist	best.A.L67-a1.width
v0135.c	hoist	best.A.L67-a1.x
v0136.c	hoist	best.A.L67-a1.y
v0137.c	hoist	best.A.L67-a2.bottom
v0138.c	hoist	best.A.L67-a2.count
v0139.c	hoist	best.A.L67-a2.dx
v0140.c	hoist	best.A.L67-a2.dy
v0141.c	hoist	best.A.L67-a2.flags
v0142.c	hoist	best.A.L67-a2.height
v0143.c	hoist	best.A.L67-a2.left
v0144.c	hoist	best.A.L67-a2.list
v0145.c	hoist	best.A.L67-a2.right
v0146.c	hoist	best.A.L67-a2.scale
v0147.c	hoist	best.A.L67-a2.top
v0148.c	hoist	best.A.L67-a2.width
v0149.c	hoist	best.A.L67-a2.x
v0150.c	hoist	best.A.L67-a2.y
v0151.c	hoist	best.A.L67-a3.bottom
v0152.c	hoist	best.A.L67-a3.count
v0153.c	hoist	best.A.L67-a3.dx
v0154.c	hoist	best.A.L67-a3.dy
v0155.c	hoist	best.A.L67-a3.flags
v0156.c	hoist	best.A.L67-a3.height
v0157.c	hoist	best.A.L67-a3.left
v0158.c	hoist	best.A.L67-a3.list
v0159.c	hoist	best.A.L67-a3.right
v0160.c	hoist	best.A.L67-a3.scale
v0161.c	hoist	best.A.L67-a3.top
v0162.c	hoist	best.A.L67-a3.width
v0163.c	hoist	best.A.L67-a3.x
v0164.c	hoist	best.A.L67-a3.y
v0165.c	hoist	best.A.L67-a4.bottom
v0166.c	hoist	best.A.L67-a4.count
v0167.c	hoist	best.A.L67-a4.dx
v0168.c	hoist	best.A.L67-a4.dy
v0169.c	hoist	best.A.L67-a4.flags
v0170.c	hoist	best.A.L67-a4.height
v0171.c	hoist	best.A.L67-a4.left
v0172.c	hoist	best.A.L67-a4.list
v0173.c	hoist	best.A.L67-a4.right
v0174.c	hoist	best.A.L67-a4.scale
v0175.c	hoist	best.A.L67-a4.top
v0176.c	hoist	best.A.L67-a4.width
v0177.c	hoist	best.A.L67-a4.x
v0178.c	hoist	best.A.L67-a4.y
v0179.c	hoist	best.H.L67-lhs.bottom
v0180.c	hoist	best.H.L67-lhs.count
v0181.c	hoist	best.H.L67-lhs.dx
v0182.c	hoist	best.H.L67-lhs.dy
v0183.c	hoist	best.H.L67-lhs.flags
v0184.c	hoist	best.H.L67-lhs.height
v0185.c	hoist	best.H.L67-lhs.left
v0186.c	hoist	best.H.L67-lhs.list
v0187.c	hoist	best.H.L67-lhs.right
v0188.c	hoist	best.H.L67-lhs.scale
v0189.c	hoist	best.H.L67-lhs.top
v0190.c	hoist	best.H.L67-lhs.width
v0191.c	hoist	best.H.L67-lhs.x
v0192.c	hoist	best.H.L67-lhs.y
v0193.c	hoist	best.H.L67-rhs.bottom
v0194.c	hoist	best.H.L67-rhs.count
v0195.c	hoist	best.H.L67-rhs.dx
v0196.c	hoist	best.H.L67-rhs.dy
v0197.c	hoist	best.H.L67-rhs.flags
v0198.c	hoist	best.H.L67-rhs.height
v0199.c	hoist	best.H.L67-rhs.left
v0200.c	hoist	best.H.L67-rhs.list
v0201.c	hoist	best.H.L67-rhs.right
v0202.c	hoist	best.H.L67-rhs.scale
v0203.c	hoist	best.H.L67-rhs.top
v0204.c	hoist	best.H.L67-rhs.width
v0205.c	hoist	best.H.L67-rhs.x
v0206.c	hoist	best.H.L67-rhs.y
v0207.c	hoist	best.O.L67-k0.bottom
v0208.c	hoist	best.O.L67-k0.count
v0209.c	hoist	best.O.L67-k0.dx
v0210.c	hoist	best.O.L67-k0.dy
v0211.c	hoist	best.O.L67-k0.flags
v0212.c	hoist	best.O.L67-k0.height
v0213.c	hoist	best.O.L67-k0.left
v0214.c	hoist	best.O.L67-k0.list
v0215.c	hoist	best.O.L67-k0.right
v0216.c	hoist	best.O.L67-k0.scale
v0217.c	hoist	best.O.L67-k0.top
v0218.c	hoist	best.O.L67-k0.width
v0219.c	hoist	best.O.L67-k0.x
v0220.c	hoist	best.O.L67-k0.y
v0221.c	hoist	best.O.L67-k1.bottom
v0222.c	hoist	best.O.L67-k1.count
v0223.c	hoist	best.O.L67-k1.dx
v0224.c	hoist	best.O.L67-k1.dy
v0225.c	hoist	best.O.L67-k1.flags
v0226.c	hoist	best.O.L67-k1.height
v0227.c	hoist	best.O.L67-k1.left
v0228.c	hoist	best.O.L67-k1.list
v0229.c	hoist	best.O.L67-k1.right
v0230.c	hoist	best.O.L67-k1.scale
v0231.c	hoist	best.O.L67-k1.top
v0232.c	hoist	best.O.L67-k1.width
v0233.c	hoist	best.O.L67-k1.x
v0234.c	hoist	best.O.L67-k1.y
v0235.c	hoist	best.O.L67-k2.bottom
v0236.c	hoist	best.O.L67-k2.count
v0237.c	hoist	best.O.L67-k2.dx
v0238.c	hoist	best.O.L67-k2.dy
v0239.c	hoist	best.O.L67-k2.flags
v0240.c	hoist	best.O.L67-k2.height
v0241.c	hoist	best.O.L67-k2.left
v0242.c	hoist	best.O.L67-k2.list
v0243.c	hoist	best.O.L67-k2.right
v0244.c	hoist	best.O.L67-k2.scale
v0245.c	hoist	best.O.L67-k2.top
v0246.c	hoist	best.O.L67-k2.width
v0247.c	hoist	best.O.L67-k2.x
v0248.c	hoist	best.O.L67-k2.y
v0249.c	hoist	best.H.L69-lhs.bottom
v0250.c	hoist	best.H.L69-lhs.count
v0251.c	hoist	best.H.L69-lhs.dx
v0252.c	hoist	best.H.L69-lhs.dy
v0253.c	hoist	best.H.L69-lhs.flags
v0254.c	hoist	best.H.L69-lhs.height
v0255.c	hoist	best.H.L69-lhs.left
v0256.c	hoist	best.H.L69-lhs.list
v0257.c	hoist	best.H.L69-lhs.right
v0258.c	hoist	best.H.L69-lhs.top
v0259.c	hoist	best.H.L69-lhs.width
v0260.c	hoist	best.H.L69-lhs.x
v0261.c	hoist	best.H.L69-lhs.y
v0262.c	hoist	best.H.L69-rhs.bottom
v0263.c	hoist	best.H.L69-rhs.count
v0264.c	hoist	best.H.L69-rhs.dx
v0265.c	hoist	best.H.L69-rhs.dy
v0266.c	hoist	best.H.L69-rhs.flags
v0267.c	hoist	best.H.L69-rhs.height
v0268.c	hoist	best.H.L69-rhs.left
v0269.c	hoist	best.H.L69-rhs.list
v0270.c	hoist	best.H.L69-rhs.right
v0271.c	hoist	best.H.L69-rhs.top
v0272.c	hoist	best.H.L69-rhs.width
v0273.c	hoist	best.H.L69-rhs.x
v0274.c	hoist	best.H.L69-rhs.y
v0275.c	hoist	best.O.L69-k0.bottom
v0276.c	hoist	best.O.L69-k0.count
v0277.c	hoist	best.O.L69-k0.dx
v0278.c	hoist	best.O.L69-k0.dy
v0279.c	hoist	best.O.L69-k0.flags
v0280.c	hoist	best.O.L69-k0.height
v0281.c	hoist	best.O.L69-k0.left
v0282.c	hoist	best.O.L69-k0.list
v0283.c	hoist	best.O.L69-k0.right
v0284.c	hoist	best.O.L69-k0.top
v0285.c	hoist	best.O.L69-k0.width
v0286.c	hoist	best.O.L69-k0.x
v0287.c	hoist	best.O.L69-k0.y
v0288.c	hoist	best.O.L69-k1.bottom
v0289.c	hoist	best.O.L69-k1.count
v0290.c	hoist	best.O.L69-k1.dx
v0291.c	hoist	best.O.L69-k1.dy
v0292.c	hoist	best.O.L69-k1.flags
v0293.c	hoist	best.O.L69-k1.height
v0294.c	hoist	best.O.L69-k1.left
v0295.c	hoist	best.O.L69-k1.list
v0296.c	hoist	best.O.L69-k1.right
v0297.c	hoist	best.O.L69-k1.top
v0298.c	hoist	best.O.L69-k1.width
v0299.c	hoist	best.O.L69-k1.x
v0300.c	hoist	best.O.L69-k1.y
v0301.c	hoist	best.O.L69-k2.bottom
v0302.c	hoist	best.O.L69-k2.count
v0303.c	hoist	best.O.L69-k2.dx
v0304.c	hoist	best.O.L69-k2.dy
v0305.c	hoist	best.O.L69-k2.flags
v0306.c	hoist	best.O.L69-k2.height
v0307.c	hoist	best.O.L69-k2.left
v0308.c	hoist	best.O.L69-k2.list
v0309.c	hoist	best.O.L69-k2.right
v0310.c	hoist	best.O.L69-k2.top
v0311.c	hoist	best.O.L69-k2.width
v0312.c	hoist	best.O.L69-k2.x
v0313.c	hoist	best.O.L69-k2.y
v0314.c	hoist	best.O.L69-k3.bottom
v0315.c	hoist	best.O.L69-k3.count
v0316.c	hoist	best.O.L69-k3.dx
v0317.c	hoist	best.O.L69-k3.dy
v0318.c	hoist	best.O.L69-k3.flags
v0319.c	hoist	best.O.L69-k3.height
v0320.c	hoist	best.O.L69-k3.left
v0321.c	hoist	best.O.L69-k3.list
v0322.c	hoist	best.O.L69-k3.right
v0323.c	hoist	best.O.L69-k3.top
v0324.c	hoist	best.O.L69-k3.width
v0325.c	hoist	best.O.L69-k3.x
v0326.c	hoist	best.O.L69-k3.y
v0327.c	hoist	best.H.L70-lhs.bottom
v0328.c	hoist	best.H.L70-lhs.count
v0329.c	hoist	best.H.L70-lhs.dx
v0330.c	hoist	best.H.L70-lhs.dy
v0331.c	hoist	best.H.L70-lhs.flags
v0332.c	hoist	best.H.L70-lhs.height
v0333.c	hoist	best.H.L70-lhs.left
v0334.c	hoist	best.H.L70-lhs.list
v0335.c	hoist	best.H.L70-lhs.top
v0336.c	hoist	best.H.L70-lhs.width
v0337.c	hoist	best.H.L70-lhs.x
v0338.c	hoist	best.H.L70-lhs.y
v0339.c	hoist	best.H.L70-rhs.bottom
v0340.c	hoist	best.H.L70-rhs.count
v0341.c	hoist	best.H.L70-rhs.dx
v0342.c	hoist	best.H.L70-rhs.dy
v0343.c	hoist	best.H.L70-rhs.flags
v0344.c	hoist	best.H.L70-rhs.height
v0345.c	hoist	best.H.L70-rhs.left
v0346.c	hoist	best.H.L70-rhs.list
v0347.c	hoist	best.H.L70-rhs.top
v0348.c	hoist	best.H.L70-rhs.width
v0349.c	hoist	best.H.L70-rhs.x
v0350.c	hoist	best.H.L70-rhs.y
v0351.c	hoist	best.O.L70-k0.bottom
v0352.c	hoist	best.O.L70-k0.count
v0353.c	hoist	best.O.L70-k0.dx
v0354.c	hoist	best.O.L70-k0.dy
v0355.c	hoist	best.O.L70-k0.flags
v0356.c	hoist	best.O.L70-k0.height
v0357.c	hoist	best.O.L70-k0.left
v0358.c	hoist	best.O.L70-k0.list
v0359.c	hoist	best.O.L70-k0.top
v0360.c	hoist	best.O.L70-k0.width
v0361.c	hoist	best.O.L70-k0.x
v0362.c	hoist	best.O.L70-k0.y
v0363.c	hoist	best.O.L70-k1.bottom
v0364.c	hoist	best.O.L70-k1.count
v0365.c	hoist	best.O.L70-k1.dx
v0366.c	hoist	best.O.L70-k1.dy
v0367.c	hoist	best.O.L70-k1.flags
v0368.c	hoist	best.O.L70-k1.height
v0369.c	hoist	best.O.L70-k1.left
v0370.c	hoist	best.O.L70-k1.list
v0371.c	hoist	best.O.L70-k1.top
v0372.c	hoist	best.O.L70-k1.width
v0373.c	hoist	best.O.L70-k1.x
v0374.c	hoist	best.O.L70-k1.y
v0375.c	hoist	best.O.L70-k2.bottom
v0376.c	hoist	best.O.L70-k2.count
v0377.c	hoist	best.O.L70-k2.dx
v0378.c	hoist	best.O.L70-k2.dy
v0379.c	hoist	best.O.L70-k2.flags
v0380.c	hoist	best.O.L70-k2.height
v0381.c	hoist	best.O.L70-k2.left
v0382.c	hoist	best.O.L70-k2.list
v0383.c	hoist	best.O.L70-k2.top
v0384.c	hoist	best.O.L70-k2.width
v0385.c	hoist	best.O.L70-k2.x
v0386.c	hoist	best.O.L70-k2.y
v0387.c	hoist	best.O.L70-k3.bottom
v0388.c	hoist	best.O.L70-k3.count
v0389.c	hoist	best.O.L70-k3.dx
v0390.c	hoist	best.O.L70-k3.dy
v0391.c	hoist	best.O.L70-k3.flags
v0392.c	hoist	best.O.L70-k3.height
v0393.c	hoist	best.O.L70-k3.left
v0394.c	hoist	best.O.L70-k3.list
v0395.c	hoist	best.O.L70-k3.top
v0396.c	hoist	best.O.L70-k3.width
v0397.c	hoist	best.O.L70-k3.x
v0398.c	hoist	best.O.L70-k3.y
v0399.c	hoist	best.H.L71-lhs.count
v0400.c	hoist	best.H.L71-lhs.dx
v0401.c	hoist	best.H.L71-lhs.dy
v0402.c	hoist	best.H.L71-lhs.flags
v0403.c	hoist	best.H.L71-lhs.height
v0404.c	hoist	best.H.L71-lhs.left
v0405.c	hoist	best.H.L71-lhs.list
v0406.c	hoist	best.H.L71-lhs.top
v0407.c	hoist	best.H.L71-lhs.width
v0408.c	hoist	best.H.L71-lhs.x
v0409.c	hoist	best.H.L71-lhs.y
v0410.c	hoist	best.H.L71-rhs.count
v0411.c	hoist	best.H.L71-rhs.dx
v0412.c	hoist	best.H.L71-rhs.dy
v0413.c	hoist	best.H.L71-rhs.flags
v0414.c	hoist	best.H.L71-rhs.height
v0415.c	hoist	best.H.L71-rhs.left
v0416.c	hoist	best.H.L71-rhs.list
v0417.c	hoist	best.H.L71-rhs.top
v0418.c	hoist	best.H.L71-rhs.width
v0419.c	hoist	best.H.L71-rhs.x
v0420.c	hoist	best.H.L71-rhs.y
v0421.c	hoist	best.O.L71-k0.count
v0422.c	hoist	best.O.L71-k0.dx
v0423.c	hoist	best.O.L71-k0.dy
v0424.c	hoist	best.O.L71-k0.flags
v0425.c	hoist	best.O.L71-k0.height
v0426.c	hoist	best.O.L71-k0.left
v0427.c	hoist	best.O.L71-k0.list
v0428.c	hoist	best.O.L71-k0.top
v0429.c	hoist	best.O.L71-k0.width
v0430.c	hoist	best.O.L71-k0.x
v0431.c	hoist	best.O.L71-k0.y
v0432.c	hoist	best.O.L71-k1.count
v0433.c	hoist	best.O.L71-k1.dx
v0434.c	hoist	best.O.L71-k1.dy
v0435.c	hoist	best.O.L71-k1.flags
v0436.c	hoist	best.O.L71-k1.height
v0437.c	hoist	best.O.L71-k1.left
v0438.c	hoist	best.O.L71-k1.list
v0439.c	hoist	best.O.L71-k1.top
v0440.c	hoist	best.O.L71-k1.width
v0441.c	hoist	best.O.L71-k1.x
v0442.c	hoist	best.O.L71-k1.y
v0443.c	hoist	best.O.L71-k2.count
v0444.c	hoist	best.O.L71-k2.dx
v0445.c	hoist	best.O.L71-k2.dy
v0446.c	hoist	best.O.L71-k2.flags
v0447.c	hoist	best.O.L71-k2.height
v0448.c	hoist	best.O.L71-k2.left
v0449.c	hoist	best.O.L71-k2.list
v0450.c	hoist	best.O.L71-k2.top
v0451.c	hoist	best.O.L71-k2.width
v0452.c	hoist	best.O.L71-k2.x
v0453.c	hoist	best.O.L71-k2.y
v0454.c	hoist	best.O.L71-k3.count
v0455.c	hoist	best.O.L71-k3.dx
v0456.c	hoist	best.O.L71-k3.dy
v0457.c	hoist	best.O.L71-k3.flags
v0458.c	hoist	best.O.L71-k3.height
v0459.c	hoist	best.O.L71-k3.left
v0460.c	hoist	best.O.L71-k3.list
v0461.c	hoist	best.O.L71-k3.top
v0462.c	hoist	best.O.L71-k3.width
v0463.c	hoist	best.O.L71-k3.x
v0464.c	hoist	best.O.L71-k3.y
v0465.c	hoist	best.H.L72-lhs.count
v0466.c	hoist	best.H.L72-lhs.dx
v0467.c	hoist	best.H.L72-lhs.dy
v0468.c	hoist	best.H.L72-lhs.flags
v0469.c	hoist	best.H.L72-lhs.height
v0470.c	hoist	best.H.L72-lhs.list
v0471.c	hoist	best.H.L72-lhs.top
v0472.c	hoist	best.H.L72-lhs.width
v0473.c	hoist	best.H.L72-lhs.x
v0474.c	hoist	best.H.L72-lhs.y
v0475.c	hoist	best.H.L72-rhs.count
v0476.c	hoist	best.H.L72-rhs.dx
v0477.c	hoist	best.H.L72-rhs.dy
v0478.c	hoist	best.H.L72-rhs.flags
v0479.c	hoist	best.H.L72-rhs.height
v0480.c	hoist	best.H.L72-rhs.list
v0481.c	hoist	best.H.L72-rhs.top
v0482.c	hoist	best.H.L72-rhs.width
v0483.c	hoist	best.H.L72-rhs.x
v0484.c	hoist	best.H.L72-rhs.y
v0485.c	hoist	best.O.L72-k0.count
v0486.c	hoist	best.O.L72-k0.dx
v0487.c	hoist	best.O.L72-k0.dy
v0488.c	hoist	best.O.L72-k0.flags
v0489.c	hoist	best.O.L72-k0.height
v0490.c	hoist	best.O.L72-k0.list
v0491.c	hoist	best.O.L72-k0.top
v0492.c	hoist	best.O.L72-k0.width
v0493.c	hoist	best.O.L72-k0.x
v0494.c	hoist	best.O.L72-k0.y
v0495.c	hoist	best.O.L72-k1.count
v0496.c	hoist	best.O.L72-k1.dx
v0497.c	hoist	best.O.L72-k1.dy
v0498.c	hoist	best.O.L72-k1.flags
v0499.c	hoist	best.O.L72-k1.height
v0500.c	hoist	best.O.L72-k1.list
v0501.c	hoist	best.O.L72-k1.top
v0502.c	hoist	best.O.L72-k1.width
v0503.c	hoist	best.O.L72-k1.x
v0504.c	hoist	best.O.L72-k1.y
v0505.c	hoist	best.O.L72-k2.count
v0506.c	hoist	best.O.L72-k2.dx
v0507.c	hoist	best.O.L72-k2.dy
v0508.c	hoist	best.O.L72-k2.flags
v0509.c	hoist	best.O.L72-k2.height
v0510.c	hoist	best.O.L72-k2.list
v0511.c	hoist	best.O.L72-k2.top
v0512.c	hoist	best.O.L72-k2.width
v0513.c	hoist	best.O.L72-k2.x
v0514.c	hoist	best.O.L72-k2.y
v0515.c	hoist	best.O.L72-k3.count
v0516.c	hoist	best.O.L72-k3.dx
v0517.c	hoist	best.O.L72-k3.dy
v0518.c	hoist	best.O.L72-k3.flags
v0519.c	hoist	best.O.L72-k3.height
v0520.c	hoist	best.O.L72-k3.list
v0521.c	hoist	best.O.L72-k3.top
v0522.c	hoist	best.O.L72-k3.width
v0523.c	hoist	best.O.L72-k3.x
v0524.c	hoist	best.O.L72-k3.y
v0525.c	hoist	best.A.L85-a0.bottom
v0526.c	hoist	best.A.L85-a0.count
v0527.c	hoist	best.A.L85-a0.dx
v0528.c	hoist	best.A.L85-a0.dy
v0529.c	hoist	best.A.L85-a0.flags
v0530.c	hoist	best.A.L85-a0.height
v0531.c	hoist	best.A.L85-a0.left
v0532.c	hoist	best.A.L85-a0.list
v0533.c	hoist	best.A.L85-a0.right
v0534.c	hoist	best.A.L85-a0.scale
v0535.c	hoist	best.A.L85-a0.top
v0536.c	hoist	best.A.L85-a0.width
v0537.c	hoist	best.A.L85-a0.x
v0538.c	hoist	best.A.L85-a0.y
v0539.c	hoist	best.A.L85-a3.bottom
v0540.c	hoist	best.A.L85-a3.count
v0541.c	hoist	best.A.L85-a3.dx
v0542.c	hoist	best.A.L85-a3.dy
v0543.c	hoist	best.A.L85-a3.flags
v0544.c	hoist	best.A.L85-a3.height
v0545.c	hoist	best.A.L85-a3.left
v0546.c	hoist	best.A.L85-a3.list
v0547.c	hoist	best.A.L85-a3.right
v0548.c	hoist	best.A.L85-a3.scale
v0549.c	hoist	best.A.L85-a3.top
v0550.c	hoist	best.A.L85-a3.width
v0551.c	hoist	best.A.L85-a3.x
v0552.c	hoist	best.A.L85-a3.y
v0553.c	hoist	best.A.L85-a4.bottom
v0554.c	hoist	best.A.L85-a4.count
v0555.c	hoist	best.A.L85-a4.dx
v0556.c	hoist	best.A.L85-a4.dy
v0557.c	hoist	best.A.L85-a4.flags
v0558.c	hoist	best.A.L85-a4.height
v0559.c	hoist	best.A.L85-a4.left
v0560.c	hoist	best.A.L85-a4.list
v0561.c	hoist	best.A.L85-a4.right
v0562.c	hoist	best.A.L85-a4.scale
v0563.c	hoist	best.A.L85-a4.top
v0564.c	hoist	best.A.L85-a4.width
v0565.c	hoist	best.A.L85-a4.x
v0566.c	hoist	best.A.L85-a4.y
v0567.c	hoist	best.A.L85-a5.bottom
v0568.c	hoist	best.A.L85-a5.count
v0569.c	hoist	best.A.L85-a5.dx
v0570.c	hoist	best.A.L85-a5.dy
v0571.c	hoist	best.A.L85-a5.flags
v0572.c	hoist	best.A.L85-a5.height
v0573.c	hoist	best.A.L85-a5.left
v0574.c	hoist	best.A.L85-a5.list
v0575.c	hoist	best.A.L85-a5.right
v0576.c	hoist	best.A.L85-a5.scale
v0577.c	hoist	best.A.L85-a5.top
v0578.c	hoist	best.A.L85-a5.width
v0579.c	hoist	best.A.L85-a5.x
v0580.c	hoist	best.A.L85-a5.y
v0581.c	hoist	best.O.L85-k0.bottom
v0582.c	hoist	best.O.L85-k0.count
v0583.c	hoist	best.O.L85-k0.dx
v0584.c	hoist	best.O.L85-k0.dy
v0585.c	hoist	best.O.L85-k0.flags
v0586.c	hoist	best.O.L85-k0.height
v0587.c	hoist	best.O.L85-k0.left
v0588.c	hoist	best.O.L85-k0.list
v0589.c	hoist	best.O.L85-k0.right
v0590.c	hoist	best.O.L85-k0.scale
v0591.c	hoist	best.O.L85-k0.top
v0592.c	hoist	best.O.L85-k0.width
v0593.c	hoist	best.O.L85-k0.x
v0594.c	hoist	best.O.L85-k0.y
v0595.c	hoist	best.O.L85-k1.bottom
v0596.c	hoist	best.O.L85-k1.count
v0597.c	hoist	best.O.L85-k1.dx
v0598.c	hoist	best.O.L85-k1.dy
v0599.c	hoist	best.O.L85-k1.flags
v0600.c	hoist	best.O.L85-k1.height
v0601.c	hoist	best.O.L85-k1.left
v0602.c	hoist	best.O.L85-k1.list
v0603.c	hoist	best.O.L85-k1.right
v0604.c	hoist	best.O.L85-k1.scale
v0605.c	hoist	best.O.L85-k1.top
v0606.c	hoist	best.O.L85-k1.width
v0607.c	hoist	best.O.L85-k1.x
v0608.c	hoist	best.O.L85-k1.y
v0609.c	hoist	best.O.L85-k2.bottom
v0610.c	hoist	best.O.L85-k2.count
v0611.c	hoist	best.O.L85-k2.dx
v0612.c	hoist	best.O.L85-k2.dy
v0613.c	hoist	best.O.L85-k2.flags
v0614.c	hoist	best.O.L85-k2.height
v0615.c	hoist	best.O.L85-k2.left
v0616.c	hoist	best.O.L85-k2.list
v0617.c	hoist	best.O.L85-k2.right
v0618.c	hoist	best.O.L85-k2.scale
v0619.c	hoist	best.O.L85-k2.top
v0620.c	hoist	best.O.L85-k2.width
v0621.c	hoist	best.O.L85-k2.x
v0622.c	hoist	best.O.L85-k2.y
v0623.c	hoist	best.O.L85-k3.bottom
v0624.c	hoist	best.O.L85-k3.count
v0625.c	hoist	best.O.L85-k3.dx
v0626.c	hoist	best.O.L85-k3.dy
v0627.c	hoist	best.O.L85-k3.flags
v0628.c	hoist	best.O.L85-k3.height
v0629.c	hoist	best.O.L85-k3.left
v0630.c	hoist	best.O.L85-k3.list
v0631.c	hoist	best.O.L85-k3.right
v0632.c	hoist	best.O.L85-k3.scale
v0633.c	hoist	best.O.L85-k3.top
v0634.c	hoist	best.O.L85-k3.width
v0635.c	hoist	best.O.L85-k3.x
v0636.c	hoist	best.O.L85-k3.y
v0637.c	hoist	best.O.L85-k4.bottom
v0638.c	hoist	best.O.L85-k4.count
v0639.c	hoist	best.O.L85-k4.dx
v0640.c	hoist	best.O.L85-k4.dy
v0641.c	hoist	best.O.L85-k4.flags
v0642.c	hoist	best.O.L85-k4.height
v0643.c	hoist	best.O.L85-k4.left
v0644.c	hoist	best.O.L85-k4.list
v0645.c	hoist	best.O.L85-k4.right
v0646.c	hoist	best.O.L85-k4.scale
v0647.c	hoist	best.O.L85-k4.top
v0648.c	hoist	best.O.L85-k4.width
v0649.c	hoist	best.O.L85-k4.x
v0650.c	hoist	best.O.L85-k4.y
v0651.c	hoist	best.O.L85-k5.bottom
v0652.c	hoist	best.O.L85-k5.count
v0653.c	hoist	best.O.L85-k5.dx
v0654.c	hoist	best.O.L85-k5.dy
v0655.c	hoist	best.O.L85-k5.flags
v0656.c	hoist	best.O.L85-k5.height
v0657.c	hoist	best.O.L85-k5.left
v0658.c	hoist	best.O.L85-k5.list
v0659.c	hoist	best.O.L85-k5.right
v0660.c	hoist	best.O.L85-k5.scale
v0661.c	hoist	best.O.L85-k5.top
v0662.c	hoist	best.O.L85-k5.width
v0663.c	hoist	best.O.L85-k5.x
v0664.c	hoist	best.O.L85-k5.y
v0665.c	hoist	best.P.L86-rhs.bottom
v0666.c	hoist	best.P.L86-rhs.count
v0667.c	hoist	best.P.L86-rhs.dx
v0668.c	hoist	best.P.L86-rhs.dy
v0669.c	hoist	best.P.L86-rhs.flags
v0670.c	hoist	best.P.L86-rhs.height
v0671.c	hoist	best.P.L86-rhs.left
v0672.c	hoist	best.P.L86-rhs.list
v0673.c	hoist	best.P.L86-rhs.right
v0674.c	hoist	best.P.L86-rhs.scale
v0675.c	hoist	best.P.L86-rhs.top
v0676.c	hoist	best.P.L86-rhs.width
v0677.c	hoist	best.P.L86-rhs.x
v0678.c	hoist	best.P.L86-rhs.y
v0679.c	hoist	best.A.L87-a0.bottom
v0680.c	hoist	best.A.L87-a0.count
v0681.c	hoist	best.A.L87-a0.dx
v0682.c	hoist	best.A.L87-a0.dy
v0683.c	hoist	best.A.L87-a0.flags
v0684.c	hoist	best.A.L87-a0.height
v0685.c	hoist	best.A.L87-a0.left
v0686.c	hoist	best.A.L87-a0.list
v0687.c	hoist	best.A.L87-a0.right
v0688.c	hoist	best.A.L87-a0.scale
v0689.c	hoist	best.A.L87-a0.top
v0690.c	hoist	best.A.L87-a0.width
v0691.c	hoist	best.A.L87-a0.x
v0692.c	hoist	best.A.L87-a0.y
v0693.c	hoist	best.A.L89-a0.bottom
v0694.c	hoist	best.A.L89-a0.count
v0695.c	hoist	best.A.L89-a0.dx
v0696.c	hoist	best.A.L89-a0.dy
v0697.c	hoist	best.A.L89-a0.flags
v0698.c	hoist	best.A.L89-a0.height
v0699.c	hoist	best.A.L89-a0.left
v0700.c	hoist	best.A.L89-a0.right
v0701.c	hoist	best.A.L89-a0.scale
v0702.c	hoist	best.A.L89-a0.top
v0703.c	hoist	best.A.L89-a0.width
v0704.c	hoist	best.A.L89-a0.x
v0705.c	hoist	best.A.L89-a0.y
v0706.c	hoist	best.H.L90-lhs.bottom
v0707.c	hoist	best.H.L90-lhs.count
v0708.c	hoist	best.H.L90-lhs.dx
v0709.c	hoist	best.H.L90-lhs.dy
v0710.c	hoist	best.H.L90-lhs.flags
v0711.c	hoist	best.H.L90-lhs.height
v0712.c	hoist	best.H.L90-lhs.left
v0713.c	hoist	best.H.L90-lhs.right
v0714.c	hoist	best.H.L90-lhs.scale
v0715.c	hoist	best.H.L90-lhs.top
v0716.c	hoist	best.H.L90-lhs.width
v0717.c	hoist	best.H.L90-lhs.x
v0718.c	hoist	best.H.L90-lhs.y
v0719.c	hoist	best.H.L90-rhs.bottom
v0720.c	hoist	best.H.L90-rhs.count
v0721.c	hoist	best.H.L90-rhs.dx
v0722.c	hoist	best.H.L90-rhs.dy
v0723.c	hoist	best.H.L90-rhs.flags
v0724.c	hoist	best.H.L90-rhs.height
v0725.c	hoist	best.H.L90-rhs.left
v0726.c	hoist	best.H.L90-rhs.right
v0727.c	hoist	best.H.L90-rhs.scale
v0728.c	hoist	best.H.L90-rhs.top
v0729.c	hoist	best.H.L90-rhs.width
v0730.c	hoist	best.H.L90-rhs.x
v0731.c	hoist	best.H.L90-rhs.y
v0732.c	hoist	best.O.L90-k0.bottom
v0733.c	hoist	best.O.L90-k0.count
v0734.c	hoist	best.O.L90-k0.dx
v0735.c	hoist	best.O.L90-k0.dy
v0736.c	hoist	best.O.L90-k0.flags
v0737.c	hoist	best.O.L90-k0.height
v0738.c	hoist	best.O.L90-k0.left
v0739.c	hoist	best.O.L90-k0.right
v0740.c	hoist	best.O.L90-k0.scale
v0741.c	hoist	best.O.L90-k0.top
v0742.c	hoist	best.O.L90-k0.width
v0743.c	hoist	best.O.L90-k0.x
v0744.c	hoist	best.O.L90-k0.y
v0745.c	hoist	best.O.L90-k1.bottom
v0746.c	hoist	best.O.L90-k1.count
v0747.c	hoist	best.O.L90-k1.dx
v0748.c	hoist	best.O.L90-k1.dy
v0749.c	hoist	best.O.L90-k1.flags
v0750.c	hoist	best.O.L90-k1.height
v0751.c	hoist	best.O.L90-k1.left
v0752.c	hoist	best.O.L90-k1.right
v0753.c	hoist	best.O.L90-k1.scale
v0754.c	hoist	best.O.L90-k1.top
v0755.c	hoist	best.O.L90-k1.width
v0756.c	hoist	best.O.L90-k1.x
v0757.c	hoist	best.O.L90-k1.y
v0758.c	hoist	best.O.L90-k2.bottom
v0759.c	hoist	best.O.L90-k2.count
v0760.c	hoist	best.O.L90-k2.dx
v0761.c	hoist	best.O.L90-k2.dy
v0762.c	hoist	best.O.L90-k2.flags
v0763.c	hoist	best.O.L90-k2.height
v0764.c	hoist	best.O.L90-k2.left
v0765.c	hoist	best.O.L90-k2.right
v0766.c	hoist	best.O.L90-k2.scale
v0767.c	hoist	best.O.L90-k2.top
v0768.c	hoist	best.O.L90-k2.width
v0769.c	hoist	best.O.L90-k2.x
v0770.c	hoist	best.O.L90-k2.y
v0771.c	hoist	best.H.L91-lhs.bottom
v0772.c	hoist	best.H.L91-lhs.count
v0773.c	hoist	best.H.L91-lhs.dx
v0774.c	hoist	best.H.L91-lhs.dy
v0775.c	hoist	best.H.L91-lhs.flags
v0776.c	hoist	best.H.L91-lhs.height
v0777.c	hoist	best.H.L91-lhs.left
v0778.c	hoist	best.H.L91-lhs.right
v0779.c	hoist	best.H.L91-lhs.scale
v0780.c	hoist	best.H.L91-lhs.top
v0781.c	hoist	best.H.L91-lhs.width
v0782.c	hoist	best.H.L91-lhs.x
v0783.c	hoist	best.H.L91-lhs.y
v0784.c	hoist	best.H.L91-rhs.bottom
v0785.c	hoist	best.H.L91-rhs.count
v0786.c	hoist	best.H.L91-rhs.dx
v0787.c	hoist	best.H.L91-rhs.dy
v0788.c	hoist	best.H.L91-rhs.flags
v0789.c	hoist	best.H.L91-rhs.height
v0790.c	hoist	best.H.L91-rhs.left
v0791.c	hoist	best.H.L91-rhs.right
v0792.c	hoist	best.H.L91-rhs.scale
v0793.c	hoist	best.H.L91-rhs.top
v0794.c	hoist	best.H.L91-rhs.width
v0795.c	hoist	best.H.L91-rhs.x
v0796.c	hoist	best.H.L91-rhs.y
v0797.c	hoist	best.O.L91-k0.bottom
v0798.c	hoist	best.O.L91-k0.count
v0799.c	hoist	best.O.L91-k0.dx
v0800.c	hoist	best.O.L91-k0.dy
v0801.c	hoist	best.O.L91-k0.flags
v0802.c	hoist	best.O.L91-k0.height
v0803.c	hoist	best.O.L91-k0.left
v0804.c	hoist	best.O.L91-k0.right
v0805.c	hoist	best.O.L91-k0.scale
v0806.c	hoist	best.O.L91-k0.top
v0807.c	hoist	best.O.L91-k0.width
v0808.c	hoist	best.O.L91-k0.x
v0809.c	hoist	best.O.L91-k0.y
v0810.c	hoist	best.O.L91-k1.bottom
v0811.c	hoist	best.O.L91-k1.count
v0812.c	hoist	best.O.L91-k1.dx
v0813.c	hoist	best.O.L91-k1.dy
v0814.c	hoist	best.O.L91-k1.flags
v0815.c	hoist	best.O.L91-k1.height
v0816.c	hoist	best.O.L91-k1.left
v0817.c	hoist	best.O.L91-k1.right
v0818.c	hoist	best.O.L91-k1.scale
v0819.c	hoist	best.O.L91-k1.top
v0820.c	hoist	best.O.L91-k1.width
v0821.c	hoist	best.O.L91-k1.x
v0822.c	hoist	best.O.L91-k1.y
v0823.c	hoist	best.O.L91-k2.bottom
v0824.c	hoist	best.O.L91-k2.count
v0825.c	hoist	best.O.L91-k2.dx
v0826.c	hoist	best.O.L91-k2.dy
v0827.c	hoist	best.O.L91-k2.flags
v0828.c	hoist	best.O.L91-k2.height
v0829.c	hoist	best.O.L91-k2.left
v0830.c	hoist	best.O.L91-k2.right
v0831.c	hoist	best.O.L91-k2.scale
v0832.c	hoist	best.O.L91-k2.top
v0833.c	hoist	best.O.L91-k2.width
v0834.c	hoist	best.O.L91-k2.x
v0835.c	hoist	best.O.L91-k2.y
v0836.c	hoist	best.A.L95-a0.bottom
v0837.c	hoist	best.A.L95-a0.count
v0838.c	hoist	best.A.L95-a0.dx
v0839.c	hoist	best.A.L95-a0.dy
v0840.c	hoist	best.A.L95-a0.flags
v0841.c	hoist	best.A.L95-a0.height
v0842.c	hoist	best.A.L95-a0.i
v0843.c	hoist	best.A.L95-a0.k
v0844.c	hoist	best.A.L95-a0.left
v0845.c	hoist	best.A.L95-a0.list
v0846.c	hoist	best.A.L95-a0.right
v0847.c	hoist	best.A.L95-a0.scale
v0848.c	hoist	best.A.L95-a0.top
v0849.c	hoist	best.A.L95-a0.width
v0850.c	hoist	best.A.L95-a0.x
v0851.c	hoist	best.A.L95-a0.y
v0852.c	hoist	best.A.L96-a0.bottom
v0853.c	hoist	best.A.L96-a0.count
v0854.c	hoist	best.A.L96-a0.dx
v0855.c	hoist	best.A.L96-a0.dy
v0856.c	hoist	best.A.L96-a0.flags
v0857.c	hoist	best.A.L96-a0.height
v0858.c	hoist	best.A.L96-a0.i
v0859.c	hoist	best.A.L96-a0.k
v0860.c	hoist	best.A.L96-a0.left
v0861.c	hoist	best.A.L96-a0.list
v0862.c	hoist	best.A.L96-a0.right
v0863.c	hoist	best.A.L96-a0.scale
v0864.c	hoist	best.A.L96-a0.top
v0865.c	hoist	best.A.L96-a0.width
v0866.c	hoist	best.A.L96-a0.x
v0867.c	hoist	best.A.L96-a0.y
v0868.c	hoist	best.A.L96-a1.bottom
v0869.c	hoist	best.A.L96-a1.count
v0870.c	hoist	best.A.L96-a1.dx
v0871.c	hoist	best.A.L96-a1.dy
v0872.c	hoist	best.A.L96-a1.flags
v0873.c	hoist	best.A.L96-a1.height
v0874.c	hoist	best.A.L96-a1.i
v0875.c	hoist	best.A.L96-a1.k
v0876.c	hoist	best.A.L96-a1.left
v0877.c	hoist	best.A.L96-a1.list
v0878.c	hoist	best.A.L96-a1.right
v0879.c	hoist	best.A.L96-a1.scale
v0880.c	hoist	best.A.L96-a1.top
v0881.c	hoist	best.A.L96-a1.width
v0882.c	hoist	best.A.L96-a1.x
v0883.c	hoist	best.A.L96-a1.y
v0884.c	hoist	best.A.L96-a3.bottom
v0885.c	hoist	best.A.L96-a3.count
v0886.c	hoist	best.A.L96-a3.dx
v0887.c	hoist	best.A.L96-a3.dy
v0888.c	hoist	best.A.L96-a3.flags
v0889.c	hoist	best.A.L96-a3.height
v0890.c	hoist	best.A.L96-a3.i
v0891.c	hoist	best.A.L96-a3.k
v0892.c	hoist	best.A.L96-a3.left
v0893.c	hoist	best.A.L96-a3.list
v0894.c	hoist	best.A.L96-a3.right
v0895.c	hoist	best.A.L96-a3.scale
v0896.c	hoist	best.A.L96-a3.top
v0897.c	hoist	best.A.L96-a3.width
v0898.c	hoist	best.A.L96-a3.x
v0899.c	hoist	best.A.L96-a3.y
v0900.c	hoist	best.O.L96-k0.bottom
v0901.c	hoist	best.O.L96-k0.count
v0902.c	hoist	best.O.L96-k0.dx
v0903.c	hoist	best.O.L96-k0.dy
v0904.c	hoist	best.O.L96-k0.flags
v0905.c	hoist	best.O.L96-k0.height
v0906.c	hoist	best.O.L96-k0.i
v0907.c	hoist	best.O.L96-k0.k
v0908.c	hoist	best.O.L96-k0.left
v0909.c	hoist	best.O.L96-k0.list
v0910.c	hoist	best.O.L96-k0.right
v0911.c	hoist	best.O.L96-k0.scale
v0912.c	hoist	best.O.L96-k0.top
v0913.c	hoist	best.O.L96-k0.width
v0914.c	hoist	best.O.L96-k0.x
v0915.c	hoist	best.O.L96-k0.y
v0916.c	hoist	best.A.L98-a0.bottom
v0917.c	hoist	best.A.L98-a0.count
v0918.c	hoist	best.A.L98-a0.dx
v0919.c	hoist	best.A.L98-a0.dy
v0920.c	hoist	best.A.L98-a0.flags
v0921.c	hoist	best.A.L98-a0.height
v0922.c	hoist	best.A.L98-a0.i
v0923.c	hoist	best.A.L98-a0.k
v0924.c	hoist	best.A.L98-a0.left
v0925.c	hoist	best.A.L98-a0.list
v0926.c	hoist	best.A.L98-a0.right
v0927.c	hoist	best.A.L98-a0.scale
v0928.c	hoist	best.A.L98-a0.top
v0929.c	hoist	best.A.L98-a0.width
v0930.c	hoist	best.A.L98-a0.x
v0931.c	hoist	best.A.L98-a0.y
v0932.c	hoist	best.A.L98-a1.bottom
v0933.c	hoist	best.A.L98-a1.count
v0934.c	hoist	best.A.L98-a1.dx
v0935.c	hoist	best.A.L98-a1.dy
v0936.c	hoist	best.A.L98-a1.flags
v0937.c	hoist	best.A.L98-a1.height
v0938.c	hoist	best.A.L98-a1.i
v0939.c	hoist	best.A.L98-a1.k
v0940.c	hoist	best.A.L98-a1.left
v0941.c	hoist	best.A.L98-a1.list
v0942.c	hoist	best.A.L98-a1.right
v0943.c	hoist	best.A.L98-a1.scale
v0944.c	hoist	best.A.L98-a1.top
v0945.c	hoist	best.A.L98-a1.width
v0946.c	hoist	best.A.L98-a1.x
v0947.c	hoist	best.A.L98-a1.y
v0948.c	hoist	best.A.L98-a3.bottom
v0949.c	hoist	best.A.L98-a3.count
v0950.c	hoist	best.A.L98-a3.dx
v0951.c	hoist	best.A.L98-a3.dy
v0952.c	hoist	best.A.L98-a3.flags
v0953.c	hoist	best.A.L98-a3.height
v0954.c	hoist	best.A.L98-a3.i
v0955.c	hoist	best.A.L98-a3.k
v0956.c	hoist	best.A.L98-a3.left
v0957.c	hoist	best.A.L98-a3.list
v0958.c	hoist	best.A.L98-a3.right
v0959.c	hoist	best.A.L98-a3.scale
v0960.c	hoist	best.A.L98-a3.top
v0961.c	hoist	best.A.L98-a3.width
v0962.c	hoist	best.A.L98-a3.x
v0963.c	hoist	best.A.L98-a3.y
v0964.c	hoist	best.O.L98-k0.bottom
v0965.c	hoist	best.O.L98-k0.count
v0966.c	hoist	best.O.L98-k0.dx
v0967.c	hoist	best.O.L98-k0.dy
v0968.c	hoist	best.O.L98-k0.flags
v0969.c	hoist	best.O.L98-k0.height
v0970.c	hoist	best.O.L98-k0.i
v0971.c	hoist	best.O.L98-k0.k
v0972.c	hoist	best.O.L98-k0.left
v0973.c	hoist	best.O.L98-k0.list
v0974.c	hoist	best.O.L98-k0.right
v0975.c	hoist	best.O.L98-k0.scale
v0976.c	hoist	best.O.L98-k0.top
v0977.c	hoist	best.O.L98-k0.width
v0978.c	hoist	best.O.L98-k0.x
v0979.c	hoist	best.O.L98-k0.y
