address,name,size,cluster,name_hypothesis,evidence_level,status,owner,flags,diff_words,source_path,pr,note
0x800175A8,func_800175A8,12,BT03,audio_channel_control_800175A8,VERIFIED-BODY,verified_body,BT03-high,-g0 -O2 -mips2 -G 0 -non_shared,0,cloud/matches/boot_tail/func_800175A8.c,,Strict local whole-body MATCH; independent peer review and aggregate exact-head CI required.
0x800177EC,func_800177EC,56,BT03,audio_channel_control_800177EC,COMPLETE-NONMATCH,nonmatch,BT03-high,-g0 -O1 -mips2 -G 0 -non_shared,4,cloud/work/boot_tail/BT03-high/nonmatch/func_800177EC.c,,COMPLETE-NONMATCH; bounded source refinements stopped. See BT03-high/README.md and verification.json for controls and next hypothesis.
0x80017824,func_80017824,56,BT03,audio_channel_control_80017824,COMPLETE-NONMATCH,nonmatch,BT03-high,-g0 -O1 -mips2 -G 0 -non_shared,4,cloud/work/boot_tail/BT03-high/nonmatch/func_80017824.c,,COMPLETE-NONMATCH; bounded source refinements stopped. See BT03-high/README.md and verification.json for controls and next hypothesis.
0x8001989C,func_8001989C,44,BT03,audio_channel_control_8001989C,COMPLETE-NONMATCH,nonmatch,BT03-high,-g0 -O2 -mips2 -G 0 -non_shared,2,cloud/work/boot_tail/BT03-high/nonmatch/func_8001989C.c,,COMPLETE-NONMATCH; bounded source refinements stopped. See BT03-high/README.md and verification.json for controls and next hypothesis.
0x80019AA8,func_80019AA8,44,BT03,audio_command_prepare_80019AA8,VERIFIED-BODY,verified_body,BT03-high,-g0 -O2 -mips2 -G 0 -non_shared,0,cloud/matches/boot_tail/func_80019AA8.c,,Strict local whole-body MATCH; independent peer review and aggregate exact-head CI required.
0x8001C19C,func_8001C19C,60,BT03,audio_command_prepare_8001C19C,COMPLETE-NONMATCH,nonmatch,BT03-high,-g0 -O2 -mips2 -G 0 -non_shared,11,cloud/work/boot_tail/BT03-high/nonmatch/func_8001C19C.c,,COMPLETE-NONMATCH; bounded source refinements stopped. See BT03-high/README.md and verification.json for controls and next hypothesis.
0x8001C390,func_8001C390,60,BT03,audio_sequence_state_8001C390,COMPLETE-NONMATCH,nonmatch,BT03-high,-g0 -O2 -mips2 -G 0 -non_shared,12,cloud/work/boot_tail/BT03-high/nonmatch/func_8001C390.c,,COMPLETE-NONMATCH; bounded source refinements stopped. See BT03-high/README.md and verification.json for controls and next hypothesis.
0x8001C770,func_8001C770,12,BT03,audio_sequence_state_8001C770,VERIFIED-BODY,verified_body,BT03-high,-g0 -O2 -mips2 -G 0 -non_shared,0,cloud/matches/boot_tail/func_8001C770.c,,Strict local whole-body MATCH; independent peer review and aggregate exact-head CI required.
0x8001CC9C,func_8001CC9C,36,BT03,audio_sequence_state_8001CC9C,COMPLETE-NONMATCH,nonmatch,BT03-high,-g0 -O2 -mips2 -G 0 -non_shared,6,cloud/work/boot_tail/BT03-high/nonmatch/func_8001CC9C.c,,COMPLETE-NONMATCH; bounded source refinements stopped. See BT03-high/README.md and verification.json for controls and next hypothesis.
0x8001CCC0,func_8001CCC0,28,BT03,audio_sequence_state_8001CCC0,VERIFIED-BODY,verified_body,BT03-high,-g0 -O2 -mips2 -G 0 -non_shared,0,cloud/matches/boot_tail/func_8001CCC0.c,,Strict local whole-body MATCH; independent peer review and aggregate exact-head CI required.
