func_800105C4	-g0 -O2 -mips2 -G 0 -non_shared	locked cloud/matches/boot_tail/func_800105C4.c:func_800105C4 (score0)
func_8001061C	-g0 -O2 -mips2 -G 0 -non_shared	locked cloud/matches/boot_tail/func_8001061C.c:func_8001061C (score0)
func_80010628	-g0 -O2 -mips2 -G 0 -non_shared	cloud/matches/boot_tail/func_80010628.c:func_80010628 @ -g0 -O2 -mips2 -G 0 -non_shared: score=5
func_80010714	-g0 -O2 -mips2 -G 0 -non_shared	locked cloud/matches/boot_tail/func_80010714.c:func_80010714 (score0)
func_800107E0	-g0 -O2 -mips2 -G 0 -non_shared	locked cloud/matches/boot_tail/func_800107E0.c:func_800107E0 (score0)
func_80010980	-g0 -O2 -mips2 -G 0 -non_shared	locked cloud/matches/boot_tail/func_80010980.c:func_80010980 (score0)
func_800109C0	-g0 -O2 -mips2 -G 0 -non_shared	locked cloud/matches/boot_tail/func_800109C0.c:func_800109C0 (score0)
func_80010A00	-g0 -O2 -mips2 -G 0 -non_shared	locked cloud/matches/boot_tail/func_80010A00.c:func_80010A00 (score0)
func_80010A0C	-g0 -O2 -mips2 -G 0 -non_shared	locked cloud/matches/boot_tail/func_80010A0C.c:func_80010A0C (score0)
func_80010A14	-g0 -O2 -mips2 -G 0 -non_shared	locked cloud/matches/boot_tail/func_80010A14.c:func_80010A14 (score0)
func_80010A40	-g0 -O2 -mips2 -G 0 -non_shared	cloud/matches/boot_tail/func_80010A40.c:func_80010A40 @ -g0 -O2 -mips2 -G 0 -non_shared: score=10
func_80010C68	-g0 -O2 -mips2 -G 0 -non_shared	locked cloud/matches/boot_tail/func_80010C68.c:func_80010C68 (score0)
func_80010D3C	-g0 -O2 -mips2 -G 0 -non_shared	cloud/matches/boot_tail/func_80010D3C.c:func_80010D3C @ -g0 -O2 -mips2 -G 0 -non_shared: score=5
func_80010D74	-g0 -O2 -mips2 -G 0 -non_shared	locked cloud/matches/boot_tail/func_80010D74.c:func_80010D74 (score0)
func_80011074	-g0 -O2 -mips2 -G 0 -non_shared	locked cloud/matches/boot_tail/func_80011074.c:func_80011074 (score0)
func_800110C4	-g0 -O2 -mips2 -G 0 -non_shared	locked cloud/matches/boot_tail/func_800110C4.c:func_800110C4 (score0)
func_8001144C	-g0 -O2 -mips2 -G 0 -non_shared	locked cloud/matches/boot_tail/func_8001144C.c:func_8001144C (score0)
func_80011848	-g0 -O2 -mips2 -G 0 -non_shared	locked cloud/matches/boot_tail/func_80011848.c:func_80011848 (score0)
func_80011894	-g0 -O2 -mips2 -G 0 -non_shared	locked cloud/matches/boot_tail/func_80011894.c:func_80011894 (score0)
func_800118C0	-g0 -O2 -mips2 -G 0 -non_shared	cloud/matches/boot_tail/func_800118C0.c:func_800118C0 @ -g0 -O2 -mips2 -G 0 -non_shared: score=5
func_800119E0	-g0 -O2 -mips2 -G 0 -non_shared	locked cloud/matches/boot_tail/func_800119E0.c:func_800119E0 (score0)
func_80011A10	-g0 -O2 -mips2 -G 0 -non_shared	locked cloud/matches/boot_tail/func_80011A10.c:func_80011A10 (score0)
func_80011A3C	-g0 -O2 -mips2 -G 0 -non_shared	locked cloud/matches/boot_tail/func_80011A3C.c:func_80011A3C (score0)
func_80011C84	-g0 -O2 -mips2 -G 0 -non_shared	locked cloud/matches/boot_tail/func_80011C84.c:func_80011C84 (score0)
func_80011CD8	-g0 -O2 -mips2 -G 0 -non_shared	cloud/matches/boot_tail/func_80011CD8.c:func_80011CD8 @ -g0 -O2 -mips2 -G 0 -non_shared: score=5
func_80011D24	-g0 -O2 -mips2 -G 0 -non_shared	locked cloud/matches/boot_tail/func_80011D24.c:func_80011D24 (score0)
func_800121BC	-g0 -O2 -mips2 -G 0 -non_shared	locked cloud/matches/boot_tail/func_800121BC.c:func_800121BC (score0)
func_80012200	-g0 -O2 -mips2 -G 0 -non_shared	locked cloud/matches/boot_tail/func_80012200.c:func_80012200 (score0)
func_8001261C	-g0 -O2 -mips2 -G 0 -non_shared	locked cloud/matches/boot_tail/func_8001261C.c:func_8001261C (score0)
func_80012660	-g0 -O2 -mips2 -G 0 -non_shared	locked cloud/matches/boot_tail/func_80012660.c:func_80012660 (score0)
func_80013964	-g0 -O2 -mips2 -G 0 -non_shared	locked cloud/matches/boot_tail/func_80013964.c:func_80013964 (score0)
func_80013C84	-g0 -O2 -mips2 -G 0 -non_shared	locked cloud/matches/boot_tail/func_80013C84.c:func_80013C84 (score0)
func_80013D70	-g0 -O2 -mips2 -G 0 -non_shared	locked cloud/matches/boot_tail/func_80013D70.c:func_80013D70 (score0)
func_800140F8	-g0 -O2 -mips2 -G 0 -non_shared	locked cloud/matches/boot_tail/func_800140F8.c:func_800140F8 (score0)
func_80014140	-g0 -O2 -mips2 -G 0 -non_shared	locked cloud/matches/boot_tail/func_80014140.c:func_80014140 (score0)
func_80014374	-g0 -O2 -mips2 -G 0 -non_shared	locked cloud/matches/boot_tail/func_80014374.c:func_80014374 (score0)
func_800143C0	-g0 -O2 -mips2 -G 0 -non_shared	locked cloud/matches/boot_tail/func_800143C0.c:func_800143C0 (score0)
func_80014434	-g0 -O2 -mips2 -G 0 -non_shared	locked cloud/matches/boot_tail/func_80014434.c:func_80014434 (score0)
func_80014488	-g0 -O2 -mips2 -G 0 -non_shared	locked cloud/matches/boot_tail/func_80014488.c:func_80014488 (score0)
func_800144F0	-g0 -O2 -mips2 -G 0 -non_shared	locked cloud/matches/boot_tail/func_800144F0.c:func_800144F0 (score0)
func_80014550	-g0 -O2 -mips2 -G 0 -non_shared	locked cloud/matches/boot_tail/func_80014550.c:func_80014550 (score0)
func_80014594	-g0 -O2 -mips2 -G 0 -non_shared	locked cloud/matches/boot_tail/func_80014594.c:func_80014594 (score0)
func_800145DC	-g0 -O2 -mips2 -G 0 -non_shared	locked cloud/matches/boot_tail/func_800145DC.c:func_800145DC (score0)
func_80014624	-g0 -O2 -mips2 -G 0 -non_shared	locked cloud/matches/boot_tail/func_80014624.c:func_80014624 (score0)
func_800146AC	-g0 -O2 -mips2 -G 0 -non_shared	locked cloud/matches/boot_tail/func_800146AC.c:func_800146AC (score0)
func_800146B4	-g0 -O2 -mips2 -G 0 -non_shared	locked cloud/matches/boot_tail/func_800146B4.c:func_800146B4 (score0)
func_800148F8	-g0 -O2 -mips2 -G 0 -non_shared	locked cloud/matches/boot_tail/func_800148F8.c:func_800148F8 (score0)
func_800149BC	-g0 -O2 -mips2 -G 0 -non_shared	locked cloud/matches/boot_tail/func_800149BC.c:func_800149BC (score0)
func_800149DC	-g0 -O2 -mips2 -G 0 -non_shared	locked cloud/matches/boot_tail/func_800149DC.c:func_800149DC (score0)
func_80014A04	-g0 -O2 -mips2 -G 0 -non_shared	locked cloud/matches/boot_tail/func_80014A04.c:func_80014A04 (score0)
func_80014A74	-g0 -O2 -mips2 -G 0 -non_shared	locked cloud/matches/boot_tail/func_80014A74.c:func_80014A74 (score0)
func_80014AF0	-g0 -O2 -mips2 -G 0 -non_shared	locked cloud/matches/boot_tail/func_80014AF0.c:func_80014AF0 (score0)
func_80014B3C	-g0 -O2 -mips2 -G 0 -non_shared	locked cloud/matches/boot_tail/func_80014B3C.c:func_80014B3C (score0)
func_80014BB0	-g0 -O2 -mips2 -G 0 -non_shared	locked cloud/matches/boot_tail/func_80014BB0.c:func_80014BB0 (score0)
func_80014C18	-g0 -O2 -mips2 -G 0 -non_shared	locked cloud/matches/boot_tail/func_80014C18.c:func_80014C18 (score0)
func_80014C40	-g0 -O2 -mips2 -G 0 -non_shared	locked cloud/matches/boot_tail/func_80014C40.c:func_80014C40 (score0)
func_80014CAC	-g0 -O2 -mips2 -G 0 -non_shared	locked cloud/matches/boot_tail/func_80014CAC.c:func_80014CAC (score0)
func_80014D1C	-g0 -O2 -mips2 -G 0 -non_shared	locked cloud/matches/boot_tail/func_80014D1C.c:func_80014D1C (score0)
func_80014D30	-g0 -O2 -mips2 -G 0 -non_shared	locked cloud/matches/boot_tail/func_80014D30.c:func_80014D30 (score0)
func_80014E00	-g0 -O2 -mips2 -G 0 -non_shared	locked cloud/matches/boot_tail/func_80014E00.c:func_80014E00 (score0)
func_80014E10	-g0 -O2 -mips2 -G 0 -non_shared	locked cloud/matches/boot_tail/func_80014E10.c:func_80014E10 (score0)
func_80014F14	-g0 -O2 -mips2 -G 0 -non_shared	locked cloud/matches/boot_tail/func_80014F14.c:func_80014F14 (score0)
func_80014F80	-g0 -O2 -mips2 -G 0 -non_shared	locked cloud/matches/boot_tail/func_80014F80.c:func_80014F80 (score0)
func_80014FEC	-g0 -O2 -mips2 -G 0 -non_shared	locked cloud/matches/boot_tail/func_80014FEC.c:func_80014FEC (score0)
func_80015058	-g0 -O2 -mips2 -G 0 -non_shared	locked cloud/matches/boot_tail/func_80015058.c:func_80015058 (score0)
func_800150C8	-g0 -O2 -mips2 -G 0 -non_shared	locked cloud/matches/boot_tail/func_800150C8.c:func_800150C8 (score0)
func_80015120	-g0 -O2 -mips2 -G 0 -non_shared	locked cloud/matches/boot_tail/func_80015120.c:func_80015120 (score0)
func_80015178	-g0 -O2 -mips2 -G 0 -non_shared	locked cloud/matches/boot_tail/func_80015178.c:func_80015178 (score0)
func_800151D0	-g0 -O2 -mips2 -G 0 -non_shared	locked cloud/matches/boot_tail/func_800151D0.c:func_800151D0 (score0)
func_80015228	-g0 -O2 -mips2 -G 0 -non_shared	locked cloud/matches/boot_tail/func_80015228.c:func_80015228 (score0)
func_800152A8	-g0 -O2 -mips2 -G 0 -non_shared	locked cloud/matches/boot_tail/func_800152A8.c:func_800152A8 (score0)
func_80015574	-g0 -O2 -mips2 -G 0 -non_shared	locked cloud/matches/boot_tail/func_80015574.c:func_80015574 (score0)
func_800162AC	-g0 -O2 -mips2 -G 0 -non_shared	locked cloud/matches/boot_tail/func_800162AC.c:func_800162AC (score0)
func_800163A8	-g0 -O2 -mips2 -G 0 -non_shared	locked cloud/matches/boot_tail/func_800163A8.c:func_800163A8 (score0)
func_800164D0	-g0 -O2 -mips2 -G 0 -non_shared	locked cloud/matches/boot_tail/func_800164D0.c:func_800164D0 (score0)
func_80016BF8	-g0 -O2 -mips2 -G 0 -non_shared	locked cloud/matches/boot_tail/func_80016BF8.c:func_80016BF8 (score0)
func_80016CE0	-g0 -O2 -mips2 -G 0 -non_shared	locked cloud/matches/boot_tail/func_80016CE0.c:func_80016CE0 (score0)
func_80016E40	-g0 -O2 -mips2 -G 0 -non_shared	locked cloud/matches/boot_tail/func_80016E40.c:func_80016E40 (score0)
func_80016F58	-g0 -O2 -mips2 -G 0 -non_shared	locked cloud/matches/boot_tail/func_80016F58.c:func_80016F58 (score0)
func_80017018	-g0 -O2 -mips2 -G 0 -non_shared	locked cloud/matches/boot_tail/func_80017018.c:func_80017018 (score0)
func_80017108	-g0 -O2 -mips2 -G 0 -non_shared	cloud/matches/boot_tail/func_80017108.c:func_80017108 @ -g0 -O2 -mips2 -G 0 -non_shared: score=10
func_800171C0	-g0 -O2 -mips2 -G 0 -non_shared	cloud/matches/boot_tail/func_800171C0.c:func_800171C0 @ -g0 -O2 -mips2 -G 0 -non_shared: score=30
func_8001729C	-g0 -O2 -mips2 -G 0 -non_shared	locked cloud/matches/boot_tail/func_8001729C.c:func_8001729C (score0)
func_8001734C	-g0 -O2 -mips2 -G 0 -non_shared	locked cloud/matches/boot_tail/func_8001734C.c:func_8001734C (score0)
func_800173B4	-g0 -O2 -mips2 -G 0 -non_shared	locked cloud/matches/boot_tail/func_800173B4.c:func_800173B4 (score0)
func_80017410	-g0 -O2 -mips2 -G 0 -non_shared	locked cloud/matches/boot_tail/func_80017410.c:func_80017410 (score0)
func_80017470	-g0 -O2 -mips2 -G 0 -non_shared	locked cloud/matches/boot_tail/func_80017470.c:func_80017470 (score0)
func_800174D0	-g0 -O2 -mips2 -G 0 -non_shared	locked cloud/matches/boot_tail/func_800174D0.c:func_800174D0 (score0)
func_80017540	-g0 -O2 -mips2 -G 0 -non_shared	locked cloud/matches/boot_tail/func_80017540.c:func_80017540 (score0)
func_800175A8	-g0 -O2 -mips2 -G 0 -non_shared	locked cloud/matches/boot_tail/func_800175A8.c:func_800175A8 (score0)
func_800175B4	-g0 -O2 -mips2 -G 0 -non_shared	cloud/matches/boot_tail/func_800175B4.c:func_800175B4 @ -g0 -O2 -mips2 -G 0 -non_shared: score=10
func_80017644	-g0 -O2 -mips2 -G 0 -non_shared	locked cloud/matches/boot_tail/func_80017644.c:func_80017644 (score0)
func_80018A30	-g0 -O2 -mips2 -G 0 -non_shared	locked cloud/matches/boot_tail/func_80018A30.c:func_80018A30 (score0)
func_80018B3C	-g0 -O2 -mips2 -G 0 -non_shared	locked cloud/matches/boot_tail/func_80018B3C.c:func_80018B3C (score0)
func_80018B8C	-g0 -O2 -mips2 -G 0 -non_shared	cloud/matches/boot_tail/func_80018B8C.c:func_80018B8C @ -g0 -O2 -mips2 -G 0 -non_shared: score=10
func_80018C2C	-g0 -O2 -mips2 -G 0 -non_shared	locked cloud/matches/boot_tail/func_80018C2C.c:func_80018C2C (score0)
func_80018D00	-g0 -O2 -mips2 -G 0 -non_shared	locked cloud/matches/boot_tail/func_80018D00.c:func_80018D00 (score0)
func_80018D40	-g0 -O2 -mips2 -G 0 -non_shared	locked cloud/matches/boot_tail/func_80018D40.c:func_80018D40 (score0)
func_80018E2C	-g0 -O2 -mips2 -G 0 -non_shared	locked cloud/matches/boot_tail/func_80018E2C.c:func_80018E2C (score0)
func_80018E6C	-g0 -O2 -mips2 -G 0 -non_shared	cloud/matches/boot_tail/func_80018E6C.c:func_80018E6C @ -g0 -O2 -mips2 -G 0 -non_shared: score=10
func_80018EB4	-g0 -O2 -mips2 -G 0 -non_shared	cloud/matches/boot_tail/func_80018EB4.c:func_80018EB4 @ -g0 -O2 -mips2 -G 0 -non_shared: score=10
func_80018F20	-g0 -O2 -mips2 -G 0 -non_shared	cloud/matches/boot_tail/func_80018F20.c:func_80018F20 @ -g0 -O2 -mips2 -G 0 -non_shared: score=10
func_80018FA4	-g0 -O2 -mips2 -G 0 -non_shared	locked cloud/matches/boot_tail/func_80018FA4.c:func_80018FA4 (score0)
func_80018FEC	-g0 -O2 -mips2 -G 0 -non_shared	cloud/matches/boot_tail/func_80018FEC.c:func_80018FEC @ -g0 -O2 -mips2 -G 0 -non_shared: score=10
func_8001906C	-g0 -O2 -mips2 -G 0 -non_shared	locked cloud/matches/boot_tail/func_8001906C.c:func_8001906C (score0)
func_800190AC	-g0 -O2 -mips2 -G 0 -non_shared	locked cloud/matches/boot_tail/func_800190AC.c:func_800190AC (score0)
func_80019144	-g0 -O2 -mips2 -G 0 -non_shared	locked cloud/matches/boot_tail/func_80019144.c:func_80019144 (score0)
func_80019194	-g0 -O2 -mips2 -G 0 -non_shared	locked cloud/matches/boot_tail/func_80019194.c:func_80019194 (score0)
func_80019370	-g0 -O2 -mips2 -G 0 -non_shared	locked cloud/matches/boot_tail/func_80019370.c:func_80019370 (score0)
func_800193C8	-g0 -O2 -mips2 -G 0 -non_shared	cloud/matches/boot_tail/func_800193C8.c:func_800193C8 @ -g0 -O2 -mips2 -G 0 -non_shared: score=10
func_80019850	-g0 -O2 -mips2 -G 0 -non_shared	locked cloud/matches/boot_tail/func_80019850.c:func_80019850 (score0)
func_800198C8	-g0 -O2 -mips2 -G 0 -non_shared	locked cloud/matches/boot_tail/func_800198C8.c:func_800198C8 (score0)
func_800199F4	-g0 -O2 -mips2 -G 0 -non_shared	cloud/matches/boot_tail/func_800199F4.c:func_800199F4 @ -g0 -O2 -mips2 -G 0 -non_shared: score=10
func_80019AA8	-g0 -O2 -mips2 -G 0 -non_shared	locked cloud/matches/boot_tail/func_80019AA8.c:func_80019AA8 (score0)
func_80019BE4	-g0 -O2 -mips2 -G 0 -non_shared	locked cloud/matches/boot_tail/func_80019BE4.c:func_80019BE4 (score0)
func_80019C8C	-g0 -O2 -mips2 -G 0 -non_shared	locked cloud/matches/boot_tail/func_80019C8C.c:func_80019C8C (score0)
func_8001B154	-g0 -O2 -mips2 -G 0 -non_shared	locked cloud/matches/boot_tail/func_8001B154.c:func_8001B154 (score0)
func_8001B29C	-g0 -O2 -mips2 -G 0 -non_shared	locked cloud/matches/boot_tail/func_8001B29C.c:func_8001B29C (score0)
func_8001B3A0	-g0 -O2 -mips2 -G 0 -non_shared	locked cloud/matches/boot_tail/func_8001B3A0.c:func_8001B3A0 (score0)
func_8001B744	-g0 -O2 -mips2 -G 0 -non_shared	locked cloud/matches/boot_tail/func_8001B744.c:func_8001B744 (score0)
func_8001B7C0	-g0 -O2 -mips2 -G 0 -non_shared	locked cloud/matches/boot_tail/func_8001B7C0.c:func_8001B7C0 (score0)
func_8001B8C4	-g0 -O2 -mips2 -G 0 -non_shared	locked cloud/matches/boot_tail/func_8001B8C4.c:func_8001B8C4 (score0)
func_8001B968	-g0 -O2 -mips2 -G 0 -non_shared	locked cloud/matches/boot_tail/func_8001B968.c:func_8001B968 (score0)
func_8001C1D8	-g0 -O2 -mips2 -G 0 -non_shared	cloud/matches/boot_tail/func_8001C1D8.c:func_8001C1D8 @ -g0 -O2 -mips2 -G 0 -non_shared: score=40
func_8001C3CC	-g0 -O2 -mips2 -G 0 -non_shared	locked cloud/matches/boot_tail/func_8001C3CC.c:func_8001C3CC (score0)
func_8001C508	-g0 -O2 -mips2 -G 0 -non_shared	locked cloud/matches/boot_tail/func_8001C508.c:func_8001C508 (score0)
func_8001C770	-g0 -O2 -mips2 -G 0 -non_shared	locked cloud/matches/boot_tail/func_8001C770.c:func_8001C770 (score0)
func_8001C7F4	-g0 -O2 -mips2 -G 0 -non_shared	locked cloud/matches/boot_tail/func_8001C7F4.c:func_8001C7F4 (score0)
func_8001CCC0	-g0 -O2 -mips2 -G 0 -non_shared	locked cloud/matches/boot_tail/func_8001CCC0.c:func_8001CCC0 (score0)
func_8001D084	-g0 -O2 -mips2 -G 0 -non_shared	locked cloud/matches/boot_tail/func_8001D084.c:func_8001D084 (score0)
func_8001D3F0	-g0 -O2 -mips2 -G 0 -non_shared	locked cloud/matches/boot_tail/func_8001D3F0.c:func_8001D3F0 (score0)
func_8001D460	-g0 -O2 -mips2 -G 0 -non_shared	locked cloud/matches/boot_tail/func_8001D460.c:func_8001D460 (score0)
func_8001D4CC	-g0 -O2 -mips2 -G 0 -non_shared	locked cloud/matches/boot_tail/func_8001D4CC.c:func_8001D4CC (score0)
func_8001D518	-g0 -O2 -mips2 -G 0 -non_shared	locked cloud/matches/boot_tail/func_8001D518.c:func_8001D518 (score0)
func_8001D578	-g0 -O2 -mips2 -G 0 -non_shared	locked cloud/matches/boot_tail/func_8001D578.c:func_8001D578 (score0)
func_8001D5C0	-g0 -O2 -mips2 -G 0 -non_shared	locked cloud/matches/boot_tail/func_8001D5C0.c:func_8001D5C0 (score0)
func_8001D8B0	-g0 -O2 -mips2 -G 0 -non_shared	locked cloud/matches/boot_tail/func_8001D8B0.c:func_8001D8B0 (score0)
func_8001D928	-g0 -O2 -mips2 -G 0 -non_shared	locked cloud/matches/boot_tail/func_8001D928.c:func_8001D928 (score0)
func_8001DDE0	-g0 -O2 -mips2 -G 0 -non_shared	locked cloud/matches/boot_tail/func_8001DDE0.c:func_8001DDE0 (score0)
func_8001E0C0	-g0 -O2 -mips2 -G 0 -non_shared	locked cloud/matches/boot_tail/func_8001E0C0.c:func_8001E0C0 (score0)
func_8001E688	-g0 -O2 -mips2 -G 0 -non_shared	locked cloud/matches/boot_tail/func_8001E688.c:func_8001E688 (score0)
func_8001E740	-g0 -O2 -mips2 -G 0 -non_shared	locked cloud/matches/boot_tail/func_8001E740.c:func_8001E740 (score0)
func_8001E768	-g0 -O2 -mips2 -G 0 -non_shared	locked cloud/matches/boot_tail/func_8001E768.c:func_8001E768 (score0)
func_8001E930	-g0 -O2 -mips2 -G 0 -non_shared	locked cloud/matches/boot_tail/func_8001E930.c:func_8001E930 (score0)
func_8001E940	-g0 -O2 -mips2 -G 0 -non_shared	locked cloud/matches/boot_tail/func_8001E940.c:func_8001E940 (score0)
func_8001E9A0	-g0 -O2 -mips2 -G 0 -non_shared	locked cloud/matches/boot_tail/func_8001E9A0.c:func_8001E9A0 (score0)
func_8001E9B0	-g0 -O2 -mips2 -G 0 -non_shared	cloud/matches/boot_tail/func_8001E9B0.c:func_8001E9B0 @ -g0 -O2 -mips2 -G 0 -non_shared: score=30
func_8001EAA0	-g0 -O2 -mips2 -G 0 -non_shared	locked cloud/matches/boot_tail/func_8001EAA0.c:func_8001EAA0 (score0)
func_8001EAEC	-g0 -O2 -mips2 -G 0 -non_shared	locked cloud/matches/boot_tail/func_8001EAEC.c:func_8001EAEC (score0)
func_8001EB10	-g0 -O2 -mips2 -G 0 -non_shared	locked cloud/matches/boot_tail/func_8001EB10.c:func_8001EB10 (score0)
func_8001ECE0	-g0 -O2 -mips2 -G 0 -non_shared	locked cloud/matches/boot_tail/func_8001ECE0.c:func_8001ECE0 (score0)
func_8001EDF4	-g0 -O2 -mips2 -G 0 -non_shared	locked cloud/matches/boot_tail/func_8001EDF4.c:func_8001EDF4 (score0)
func_8001EE34	-g0 -O2 -mips2 -G 0 -non_shared	cloud/matches/boot_tail/func_8001EE34.c:func_8001EE34 @ -g0 -O2 -mips2 -G 0 -non_shared: score=10
func_8001EE9C	-g0 -O2 -mips2 -G 0 -non_shared	locked cloud/matches/boot_tail/func_8001EE9C.c:func_8001EE9C (score0)
func_8001F7EC	-g0 -O2 -mips2 -G 0 -non_shared	locked cloud/matches/boot_tail/func_8001F7EC.c:func_8001F7EC (score0)
func_8001F864	-g0 -O2 -mips2 -G 0 -non_shared	locked cloud/matches/boot_tail/func_8001F864.c:func_8001F864 (score0)
func_8001F898	-g0 -O2 -mips2 -G 0 -non_shared	locked cloud/matches/boot_tail/func_8001F898.c:func_8001F898 (score0)
func_8001F9D0	-g0 -O2 -mips2 -G 0 -non_shared	locked cloud/matches/boot_tail/func_8001F9D0.c:func_8001F9D0 (score0)
func_8001FA18	-g0 -O2 -mips2 -G 0 -non_shared	locked cloud/matches/boot_tail/func_8001FA18.c:func_8001FA18 (score0)
func_8001FAE4	-g0 -O2 -mips2 -G 0 -non_shared	locked cloud/matches/boot_tail/func_8001FAE4.c:func_8001FAE4 (score0)
func_8001FD2C	-g0 -O2 -mips2 -G 0 -non_shared	locked cloud/matches/boot_tail/func_8001FD2C.c:func_8001FD2C (score0)
func_8001FE58	-g0 -O2 -mips2 -G 0 -non_shared	locked cloud/matches/boot_tail/func_8001FE58.c:func_8001FE58 (score0)
func_8001FEA4	-g0 -O2 -mips2 -G 0 -non_shared	locked cloud/matches/boot_tail/func_8001FEA4.c:func_8001FEA4 (score0)
func_8001FEF8	-g0 -O2 -mips2 -G 0 -non_shared	locked cloud/matches/boot_tail/func_8001FEF8.c:func_8001FEF8 (score0)
func_8001FF4C	-g0 -O2 -mips2 -G 0 -non_shared	locked cloud/matches/boot_tail/func_8001FF4C.c:func_8001FF4C (score0)
func_8001FFA0	-g0 -O2 -mips2 -G 0 -non_shared	locked cloud/matches/boot_tail/func_8001FFA0.c:func_8001FFA0 (score0)
func_8001FFF4	-g0 -O2 -mips2 -G 0 -non_shared	locked cloud/matches/boot_tail/func_8001FFF4.c:func_8001FFF4 (score0)
func_80020048	-g0 -O2 -mips2 -G 0 -non_shared	locked cloud/matches/boot_tail/func_80020048.c:func_80020048 (score0)
func_80020174	-g0 -O2 -mips2 -G 0 -non_shared	locked cloud/matches/boot_tail/func_80020174.c:func_80020174 (score0)
func_800201D0	-g0 -O2 -mips2 -G 0 -non_shared	locked cloud/matches/boot_tail/func_800201D0.c:func_800201D0 (score0)
func_80020274	-g0 -O2 -mips2 -G 0 -non_shared	locked cloud/matches/boot_tail/func_80020274.c:func_80020274 (score0)
func_80020370	-g0 -O2 -mips2 -G 0 -non_shared	locked cloud/matches/boot_tail/func_80020370.c:func_80020370 (score0)
func_800203EC	-g0 -O2 -mips2 -G 0 -non_shared	locked cloud/matches/boot_tail/func_800203EC.c:func_800203EC (score0)
func_8002043C	-g0 -O2 -mips2 -G 0 -non_shared	locked cloud/matches/boot_tail/func_8002043C.c:func_8002043C (score0)
func_80020494	-g0 -O2 -mips2 -G 0 -non_shared	locked cloud/matches/boot_tail/func_80020494.c:func_80020494 (score0)
func_80020518	-g0 -O2 -mips2 -G 0 -non_shared	locked cloud/matches/boot_tail/func_80020518.c:func_80020518 (score0)
func_80020528	-g0 -O2 -mips2 -G 0 -non_shared	locked cloud/matches/boot_tail/func_80020528.c:func_80020528 (score0)
func_80020558	-g0 -O2 -mips2 -G 0 -non_shared	locked cloud/matches/boot_tail/func_80020558.c:func_80020558 (score0)
func_80020820	-g0 -O2 -mips2 -G 0 -non_shared	locked cloud/matches/boot_tail/func_80020820.c:func_80020820 (score0)
func_8002106C	-g0 -O2 -mips2 -G 0 -non_shared	locked cloud/matches/boot_tail/func_8002106C.c:func_8002106C (score0)
func_80021428	-g0 -O2 -mips2 -G 0 -non_shared	locked cloud/matches/boot_tail/func_80021428.c:func_80021428 (score0)
func_80021448	-g0 -O2 -mips2 -G 0 -non_shared	locked cloud/matches/boot_tail/func_80021448.c:func_80021448 (score0)
func_80021468	-g0 -O2 -mips2 -G 0 -non_shared	locked cloud/matches/boot_tail/func_80021468.c:func_80021468 (score0)
func_80021488	-g0 -O2 -mips2 -G 0 -non_shared	locked cloud/matches/boot_tail/func_80021488.c:func_80021488 (score0)
func_800214A8	-g0 -O2 -mips2 -G 0 -non_shared	locked cloud/matches/boot_tail/func_800214A8.c:func_800214A8 (score0)
func_800214C8	-g0 -O2 -mips2 -G 0 -non_shared	locked cloud/matches/boot_tail/func_800214C8.c:func_800214C8 (score0)
func_800214E8	-g0 -O2 -mips2 -G 0 -non_shared	locked cloud/matches/boot_tail/func_800214E8.c:func_800214E8 (score0)
func_80021508	-g0 -O2 -mips2 -G 0 -non_shared	locked cloud/matches/boot_tail/func_80021508.c:func_80021508 (score0)
func_80021528	-g0 -O2 -mips2 -G 0 -non_shared	locked cloud/matches/boot_tail/func_80021528.c:func_80021528 (score0)
func_80021700	-g0 -O2 -mips2 -G 0 -non_shared	locked cloud/matches/boot_tail/func_80021700.c:func_80021700 (score0)
func_800218CC	-g0 -O2 -mips2 -G 0 -non_shared	cloud/matches/boot_tail/func_800218CC.c:func_800218CC @ -g0 -O2 -mips2 -G 0 -non_shared: score=20
func_80021B9C	-g0 -O2 -mips2 -G 0 -non_shared	locked cloud/matches/boot_tail/func_80021B9C.c:func_80021B9C (score0)
func_80021BC0	-g0 -O2 -mips2 -G 0 -non_shared	locked cloud/matches/boot_tail/func_80021BC0.c:func_80021BC0 (score0)
func_80021BF0	-g0 -O2 -mips2 -G 0 -non_shared	locked cloud/matches/boot_tail/func_80021BF0.c:func_80021BF0 (score0)
func_80021F68	-g0 -O2 -mips2 -G 0 -non_shared	locked cloud/matches/boot_tail/func_80021F68.c:func_80021F68 (score0)
func_8002243C	-g0 -O2 -mips2 -G 0 -non_shared	locked cloud/matches/boot_tail/func_8002243C.c:func_8002243C (score0)
func_8002245C	-g0 -O2 -mips2 -G 0 -non_shared	locked cloud/matches/boot_tail/func_8002245C.c:func_8002245C (score0)
func_800224B0	-g0 -O2 -mips2 -G 0 -non_shared	locked cloud/matches/boot_tail/func_800224B0.c:func_800224B0 (score0)
func_800225AC	-g0 -O2 -mips2 -G 0 -non_shared	locked cloud/matches/boot_tail/func_800225AC.c:func_800225AC (score0)
func_800225DC	-g0 -O2 -mips2 -G 0 -non_shared	locked cloud/matches/boot_tail/func_800225DC.c:func_800225DC (score0)
func_800225FC	-g0 -O2 -mips2 -G 0 -non_shared	locked cloud/matches/boot_tail/func_800225FC.c:func_800225FC (score0)
func_80022678	-g0 -O2 -mips2 -G 0 -non_shared	locked cloud/matches/boot_tail/func_80022678.c:func_80022678 (score0)
func_80022A78	-g0 -O2 -mips2 -G 0 -non_shared	locked cloud/matches/boot_tail/func_80022A78.c:func_80022A78 (score0)
func_80022C58	-g0 -O2 -mips2 -G 0 -non_shared	locked cloud/matches/boot_tail/func_80022C58.c:func_80022C58 (score0)
func_80023520	-g0 -O2 -mips2 -G 0 -non_shared	locked cloud/matches/boot_tail/func_80023520.c:func_80023520 (score0)
func_80023544	-g0 -O2 -mips2 -G 0 -non_shared	locked cloud/matches/boot_tail/func_80023544.c:func_80023544 (score0)
func_80023710	-g0 -O2 -mips2 -G 0 -non_shared	locked cloud/matches/boot_tail/func_80023710.c:func_80023710 (score0)
func_80023734	-g0 -O2 -mips2 -G 0 -non_shared	locked cloud/matches/boot_tail/func_80023734.c:func_80023734 (score0)
func_80023818	-g0 -O2 -mips2 -G 0 -non_shared	locked cloud/matches/boot_tail/func_80023818.c:func_80023818 (score0)
func_80023844	-g0 -O2 -mips2 -G 0 -non_shared	locked cloud/matches/boot_tail/func_80023844.c:func_80023844 (score0)
func_80023870	-g0 -O2 -mips2 -G 0 -non_shared	locked cloud/matches/boot_tail/func_80023870.c:func_80023870 (score0)
func_8002389C	-g0 -O2 -mips2 -G 0 -non_shared	locked cloud/matches/boot_tail/func_8002389C.c:func_8002389C (score0)
func_800238C8	-g0 -O2 -mips2 -G 0 -non_shared	locked cloud/matches/boot_tail/func_800238C8.c:func_800238C8 (score0)
func_800238F4	-g0 -O2 -mips2 -G 0 -non_shared	locked cloud/matches/boot_tail/func_800238F4.c:func_800238F4 (score0)
func_80023920	-g0 -O2 -mips2 -G 0 -non_shared	locked cloud/matches/boot_tail/func_80023920.c:func_80023920 (score0)
func_8002394C	-g0 -O2 -mips2 -G 0 -non_shared	locked cloud/matches/boot_tail/func_8002394C.c:func_8002394C (score0)
func_80023978	-g0 -O2 -mips2 -G 0 -non_shared	locked cloud/matches/boot_tail/func_80023978.c:func_80023978 (score0)
func_80024BF0	-g0 -O2 -mips2 -G 0 -non_shared	locked cloud/matches/boot_tail/func_80024BF0.c:func_80024BF0 (score0)
func_80024C9C	-g0 -O2 -mips2 -G 0 -non_shared	cloud/matches/boot_tail/func_80024C9C.c:func_80024C9C @ -g0 -O2 -mips2 -G 0 -non_shared: score=60
func_80024D04	-g0 -O2 -mips2 -G 0 -non_shared	cloud/matches/boot_tail/func_80024D04.c:func_80024D04 @ -g0 -O2 -mips2 -G 0 -non_shared: score=300
func_80024D74	-g0 -O2 -mips2 -G 0 -non_shared	cloud/matches/boot_tail/func_80024D74.c:func_80024D74 @ -g0 -O2 -mips2 -G 0 -non_shared: score=300
func_80024FB0	-g0 -O2 -mips2 -G 0 -non_shared	locked cloud/matches/boot_tail/func_80024FB0.c:func_80024FB0 (score0)
func_8002506C	-g0 -O2 -mips2 -G 0 -non_shared	locked cloud/matches/boot_tail/func_8002506C.c:func_8002506C (score0)
func_800250AC	-g0 -O2 -mips2 -G 0 -non_shared	locked cloud/matches/boot_tail/func_800250AC.c:func_800250AC (score0)
func_800250F0	-g0 -O2 -mips2 -G 0 -non_shared	locked cloud/matches/boot_tail/func_800250F0.c:func_800250F0 (score0)
func_80025120	-g0 -O2 -mips2 -G 0 -non_shared	locked cloud/matches/boot_tail/func_80025120.c:func_80025120 (score0)
func_80025150	-g0 -O2 -mips2 -G 0 -non_shared	locked cloud/matches/boot_tail/func_80025150.c:func_80025150 (score0)
func_800251A8	-g0 -O2 -mips2 -G 0 -non_shared	cloud/matches/boot_tail/func_800251A8.c:func_800251A8 @ -g0 -O2 -mips2 -G 0 -non_shared: score=10
func_80025264	-g0 -O2 -mips2 -G 0 -non_shared	locked cloud/matches/boot_tail/func_80025264.c:func_80025264 (score0)
func_800254D4	-g0 -O2 -mips2 -G 0 -non_shared	locked cloud/matches/boot_tail/func_800254D4.c:func_800254D4 (score0)
func_80025594	-g0 -O2 -mips2 -G 0 -non_shared	locked cloud/matches/boot_tail/func_80025594.c:func_80025594 (score0)
func_80025670	-g0 -O2 -mips2 -G 0 -non_shared	locked cloud/matches/boot_tail/func_80025670.c:func_80025670 (score0)
func_8002574C	-g0 -O2 -mips2 -G 0 -non_shared	locked cloud/matches/boot_tail/func_8002574C.c:func_8002574C (score0)
func_800259A8	-g0 -O2 -mips2 -G 0 -non_shared	locked cloud/matches/boot_tail/func_800259A8.c:func_800259A8 (score0)
func_80025C68	-g0 -O2 -mips2 -G 0 -non_shared	cloud/matches/boot_tail/func_80025C68.c:func_80025C68 @ -g0 -O2 -mips2 -G 0 -non_shared: score=20
func_80025D84	-g0 -O2 -mips2 -G 0 -non_shared	cloud/matches/boot_tail/func_80025D84.c:func_80025D84 @ -g0 -O2 -mips2 -G 0 -non_shared: score=10
func_80025DC0	-g0 -O2 -mips2 -G 0 -non_shared	cloud/matches/boot_tail/func_80025DC0.c:func_80025DC0 @ -g0 -O2 -mips2 -G 0 -non_shared: score=10
func_80025EB0	-g0 -O2 -mips2 -G 0 -non_shared	locked cloud/matches/boot_tail/func_80025EB0.c:func_80025EB0 (score0)
func_800262BC	-g0 -O2 -mips2 -G 0 -non_shared	locked cloud/matches/boot_tail/func_800262BC.c:func_800262BC (score0)
func_80026328	-g0 -O2 -mips2 -G 0 -non_shared	locked cloud/matches/boot_tail/func_80026328.c:func_80026328 (score0)
func_80026348	-g0 -O2 -mips2 -G 0 -non_shared	locked cloud/matches/boot_tail/func_80026348.c:func_80026348 (score0)
