func_80011C84	-g0 -O2 -mips2 -G 0 -non_shared	locked cloud/work/boot_tail_promotion/sources/func_80011C84.c:func_80011C84 (score0)
func_80013C84	-g0 -O2 -mips2 -G 0 -non_shared	locked cloud/work/boot_tail_promotion/sources/func_80013C84.c:func_80013C84 (score0)
func_800146B4	-g0 -O2 -mips2 -G 0 -non_shared	locked cloud/work/boot_tail_promotion/sources/func_800146B4.c:func_800146B4 (score0)
func_800149DC	-g0 -O2 -mips2 -G 0 -non_shared	locked cloud/work/boot_tail_promotion/sources/func_800149DC.c:func_800149DC (score0)
func_80014A74	-g0 -O2 -mips2 -G 0 -non_shared	locked cloud/work/boot_tail_promotion/sources/func_80014A74.c:func_80014A74 (score0)
func_80014AF0	-g0 -O2 -mips2 -G 0 -non_shared	locked cloud/work/boot_tail_promotion/sources/func_80014AF0.c:func_80014AF0 (score0)
func_80014B3C	-g0 -O2 -mips2 -G 0 -non_shared	locked cloud/work/boot_tail_promotion/sources/func_80014B3C.c:func_80014B3C (score0)
func_80014BB0	-g0 -O2 -mips2 -G 0 -non_shared	locked cloud/work/boot_tail_promotion/sources/func_80014BB0.c:func_80014BB0 (score0)
func_80014C18	-g0 -O2 -mips2 -G 0 -non_shared	locked cloud/work/boot_tail_promotion/sources/func_80014C18.c:func_80014C18 (score0)
func_80017540	-g0 -O2 -mips2 -G 0 -non_shared	locked cloud/work/boot_tail_promotion/sources/func_80017540.c:func_80017540 (score0)
func_80018B3C	-g0 -O2 -mips2 -G 0 -non_shared	locked cloud/work/boot_tail_promotion/sources/func_80018B3C.c:func_80018B3C (score0)
func_80018C2C	-g0 -O2 -mips2 -G 0 -non_shared	locked cloud/work/boot_tail_promotion/sources/func_80018C2C.c:func_80018C2C (score0)
func_80018D40	-g0 -O2 -mips2 -G 0 -non_shared	locked cloud/work/boot_tail_promotion/sources/func_80018D40.c:func_80018D40 (score0)
func_80019C8C	-g0 -O2 -mips2 -G 0 -non_shared	locked cloud/work/boot_tail_promotion/sources/func_80019C8C.c:func_80019C8C (score0)
func_8001B29C	-g0 -O2 -mips2 -G 0 -non_shared	locked cloud/work/boot_tail_promotion/sources/func_8001B29C.c:func_8001B29C (score0)
func_8001B3A0	-g0 -O2 -mips2 -G 0 -non_shared	locked cloud/work/boot_tail_promotion/sources/func_8001B3A0.c:func_8001B3A0 (score0)
func_8001B7C0	-g0 -O2 -mips2 -G 0 -non_shared	locked cloud/work/boot_tail_promotion/sources/func_8001B7C0.c:func_8001B7C0 (score0)
func_8001B8C4	-g0 -O2 -mips2 -G 0 -non_shared	locked cloud/work/boot_tail_promotion/sources/func_8001B8C4.c:func_8001B8C4 (score0)
func_8001B968	-g0 -O2 -mips2 -G 0 -non_shared	locked cloud/work/boot_tail_promotion/sources/func_8001B968.c:func_8001B968 (score0)
func_8001C508	-g0 -O2 -mips2 -G 0 -non_shared	locked cloud/work/boot_tail_promotion/sources/func_8001C508.c:func_8001C508 (score0)
func_8001EB10	-g0 -O2 -mips2 -G 0 -non_shared	locked cloud/work/boot_tail_promotion/sources/func_8001EB10.c:func_8001EB10 (score0)
func_8001ECE0	-g0 -O2 -mips2 -G 0 -non_shared	locked cloud/work/boot_tail_promotion/sources/func_8001ECE0.c:func_8001ECE0 (score0)
func_8001EE9C	-g0 -O2 -mips2 -G 0 -non_shared	locked cloud/work/boot_tail_promotion/sources/func_8001EE9C.c:func_8001EE9C (score0)
func_80021BF0	-g0 -O2 -mips2 -G 0 -non_shared	locked cloud/work/boot_tail_promotion/sources/func_80021BF0.c:func_80021BF0 (score0)
func_80021F68	-g0 -O2 -mips2 -G 0 -non_shared	locked cloud/work/boot_tail_promotion/sources/func_80021F68.c:func_80021F68 (score0)
func_8002243C	-g0 -O2 -mips2 -G 0 -non_shared	locked cloud/work/boot_tail_promotion/sources/func_8002243C.c:func_8002243C (score0)
func_8002245C	-g0 -O2 -mips2 -G 0 -non_shared	locked cloud/work/boot_tail_promotion/sources/func_8002245C.c:func_8002245C (score0)
func_800224B0	-g0 -O2 -mips2 -G 0 -non_shared	locked cloud/work/boot_tail_promotion/sources/func_800224B0.c:func_800224B0 (score0)
func_800225AC	-g0 -O2 -mips2 -G 0 -non_shared	locked cloud/work/boot_tail_promotion/sources/func_800225AC.c:func_800225AC (score0)
func_800225DC	-g0 -O2 -mips2 -G 0 -non_shared	locked cloud/work/boot_tail_promotion/sources/func_800225DC.c:func_800225DC (score0)
func_800225FC	-g0 -O2 -mips2 -G 0 -non_shared	locked cloud/work/boot_tail_promotion/sources/func_800225FC.c:func_800225FC (score0)
func_80022678	-g0 -O2 -mips2 -G 0 -non_shared	locked cloud/work/boot_tail_promotion/sources/func_80022678.c:func_80022678 (score0)
func_80022A78	-g0 -O2 -mips2 -G 0 -non_shared	locked cloud/work/boot_tail_promotion/sources/func_80022A78.c:func_80022A78 (score0)
func_80022C58	-g0 -O2 -mips2 -G 0 -non_shared	locked cloud/work/boot_tail_promotion/sources/func_80022C58.c:func_80022C58 (score0)
func_80023710	-g0 -O2 -mips2 -G 0 -non_shared	locked cloud/work/boot_tail_promotion/sources/func_80023710.c:func_80023710 (score0)
func_80023734	-g0 -O2 -mips2 -G 0 -non_shared	locked cloud/work/boot_tail_promotion/sources/func_80023734.c:func_80023734 (score0)
func_80023818	-g0 -O2 -mips2 -G 0 -non_shared	locked cloud/work/boot_tail_promotion/sources/func_80023818.c:func_80023818 (score0)
func_80023844	-g0 -O2 -mips2 -G 0 -non_shared	locked cloud/work/boot_tail_promotion/sources/func_80023844.c:func_80023844 (score0)
func_80023870	-g0 -O2 -mips2 -G 0 -non_shared	locked cloud/work/boot_tail_promotion/sources/func_80023870.c:func_80023870 (score0)
func_8002389C	-g0 -O2 -mips2 -G 0 -non_shared	locked cloud/work/boot_tail_promotion/sources/func_8002389C.c:func_8002389C (score0)
func_800238C8	-g0 -O2 -mips2 -G 0 -non_shared	locked cloud/work/boot_tail_promotion/sources/func_800238C8.c:func_800238C8 (score0)
func_800238F4	-g0 -O2 -mips2 -G 0 -non_shared	locked cloud/work/boot_tail_promotion/sources/func_800238F4.c:func_800238F4 (score0)
func_80023920	-g0 -O2 -mips2 -G 0 -non_shared	locked cloud/work/boot_tail_promotion/sources/func_80023920.c:func_80023920 (score0)
func_8002394C	-g0 -O2 -mips2 -G 0 -non_shared	locked cloud/work/boot_tail_promotion/sources/func_8002394C.c:func_8002394C (score0)
func_80023978	-g0 -O2 -mips2 -G 0 -non_shared	locked cloud/work/boot_tail_promotion/sources/func_80023978.c:func_80023978 (score0)
func_80025264	-g0 -O2 -mips2 -G 0 -non_shared	locked cloud/work/boot_tail_promotion/sources/func_80025264.c:func_80025264 (score0)
func_800254D4	-g0 -O2 -mips2 -G 0 -non_shared	locked cloud/work/boot_tail_promotion/sources/func_800254D4.c:func_800254D4 (score0)
func_80025670	-g0 -O2 -mips2 -G 0 -non_shared	locked cloud/work/boot_tail_promotion/sources/func_80025670.c:func_80025670 (score0)
func_8002574C	-g0 -O2 -mips2 -G 0 -non_shared	locked cloud/work/boot_tail_promotion/sources/func_8002574C.c:func_8002574C (score0)
func_800259A8	-g0 -O2 -mips2 -G 0 -non_shared	locked cloud/work/boot_tail_promotion/sources/func_800259A8.c:func_800259A8 (score0)
func_80026328	-g0 -O2 -mips2 -G 0 -non_shared	locked cloud/work/boot_tail_promotion/sources/func_80026328.c:func_80026328 (score0)
func_80026348	-g0 -O2 -mips2 -G 0 -non_shared	locked cloud/work/boot_tail_promotion/sources/func_80026348.c:func_80026348 (score0)
