func_80010A40	cloud/matches/boot_tail/func_80010A40.c	-g0 -O2 -mips2 -G 0 -non_shared	locked cloud/matches/boot_tail/func_80010A40.c:func_80010A40 (score0)
func_80017108	cloud/matches/boot_tail/func_80017108.c	-g0 -O2 -mips2 -G 0 -non_shared	locked cloud/matches/boot_tail/func_80017108.c:func_80017108 (score0)
func_800171C0	cloud/matches/boot_tail/func_800171C0.c	-g0 -O2 -mips2 -G 0 -non_shared	locked cloud/matches/boot_tail/func_800171C0.c:func_800171C0 (score0)
func_800175B4	cloud/matches/boot_tail/func_800175B4.c	-g0 -O2 -mips2 -G 0 -non_shared	locked cloud/matches/boot_tail/func_800175B4.c:func_800175B4 (score0)
func_80018B8C	cloud/matches/boot_tail/func_80018B8C.c	-g0 -O2 -mips2 -G 0 -non_shared	locked cloud/matches/boot_tail/func_80018B8C.c:func_80018B8C (score0)
func_80018E6C	cloud/matches/boot_tail/func_80018E6C.c	-g0 -O2 -mips2 -G 0 -non_shared	locked cloud/matches/boot_tail/func_80018E6C.c:func_80018E6C (score0)
func_80018EB4	cloud/matches/boot_tail/func_80018EB4.c	-g0 -O2 -mips2 -G 0 -non_shared	locked cloud/matches/boot_tail/func_80018EB4.c:func_80018EB4 (score0)
func_80018F20	cloud/matches/boot_tail/func_80018F20.c	-g0 -O2 -mips2 -G 0 -non_shared	locked cloud/matches/boot_tail/func_80018F20.c:func_80018F20 (score0)
func_80018FEC	cloud/matches/boot_tail/func_80018FEC.c	-g0 -O2 -mips2 -G 0 -non_shared	locked cloud/matches/boot_tail/func_80018FEC.c:func_80018FEC (score0)
func_800193C8	cloud/matches/boot_tail/func_800193C8.c	-g0 -O2 -mips2 -G 0 -non_shared	locked cloud/matches/boot_tail/func_800193C8.c:func_800193C8 (score0)
func_800199F4	cloud/matches/boot_tail/func_800199F4.c	-g0 -O2 -mips2 -G 0 -non_shared	locked cloud/matches/boot_tail/func_800199F4.c:func_800199F4 (score0)
func_8001C1D8	cloud/matches/boot_tail/func_8001C1D8.c	-g0 -O2 -mips2 -G 0 -non_shared	locked cloud/matches/boot_tail/func_8001C1D8.c:func_8001C1D8 (score0)
func_8001E9B0	cloud/matches/boot_tail/func_8001E9B0.c	-g0 -O2 -mips2 -G 0 -non_shared	locked cloud/matches/boot_tail/func_8001E9B0.c:func_8001E9B0 (score0)
func_8001EE34	cloud/matches/boot_tail/func_8001EE34.c	-g0 -O2 -mips2 -G 0 -non_shared	locked cloud/matches/boot_tail/func_8001EE34.c:func_8001EE34 (score0)
func_800218CC	cloud/matches/boot_tail/func_800218CC.c	-g0 -O2 -mips2 -G 0 -non_shared	locked cloud/matches/boot_tail/func_800218CC.c:func_800218CC (score0)
func_800251A8	cloud/matches/boot_tail/func_800251A8.c	-g0 -O2 -mips2 -G 0 -non_shared	locked cloud/matches/boot_tail/func_800251A8.c:func_800251A8 (score0)
func_80025C68	cloud/matches/boot_tail/func_80025C68.c	-g0 -O2 -mips2 -G 0 -non_shared	locked cloud/matches/boot_tail/func_80025C68.c:func_80025C68 (score0)
func_80025D84	cloud/matches/boot_tail/func_80025D84.c	-g0 -O2 -mips2 -G 0 -non_shared	locked cloud/matches/boot_tail/func_80025D84.c:func_80025D84 (score0)
func_80025DC0	cloud/matches/boot_tail/func_80025DC0.c	-g0 -O2 -mips2 -G 0 -non_shared	locked cloud/matches/boot_tail/func_80025DC0.c:func_80025DC0 (score0)
func_8001144C	cloud/work/boot_tail_promotion/audio_record_contracts/sources/func_8001144C.c	-g0 -O2 -mips2 -G 0 -non_shared	locked cloud/work/boot_tail_promotion/audio_record_contracts/sources/func_8001144C.c:func_8001144C (score0)
func_80013964	cloud/work/boot_tail_promotion/audio_record_contracts/sources/func_80013964.c	-g0 -O2 -mips2 -G 0 -non_shared	locked cloud/work/boot_tail_promotion/audio_record_contracts/sources/func_80013964.c:func_80013964 (score0)
func_80010A40	cloud/work/boot_tail_promotion/wave4_sources/func_80010A40.c	-g0 -O2 -mips2 -G 0 -non_shared	locked cloud/work/boot_tail_promotion/wave4_sources/func_80010A40.c:func_80010A40 (score0)
func_800171C0	cloud/work/boot_tail_promotion/wave4_sources/func_800171C0.c	-g0 -O2 -mips2 -G 0 -non_shared	locked cloud/work/boot_tail_promotion/wave4_sources/func_800171C0.c:func_800171C0 (score0)
func_800175B4	cloud/work/boot_tail_promotion/wave4_sources/func_800175B4.c	-g0 -O2 -mips2 -G 0 -non_shared	locked cloud/work/boot_tail_promotion/wave4_sources/func_800175B4.c:func_800175B4 (score0)
func_80018E6C	cloud/work/boot_tail_promotion/wave4_sources/func_80018E6C.c	-g0 -O2 -mips2 -G 0 -non_shared	locked cloud/work/boot_tail_promotion/wave4_sources/func_80018E6C.c:func_80018E6C (score0)
func_80018F20	cloud/work/boot_tail_promotion/wave4_sources/func_80018F20.c	-g0 -O2 -mips2 -G 0 -non_shared	locked cloud/work/boot_tail_promotion/wave4_sources/func_80018F20.c:func_80018F20 (score0)
func_80018FEC	cloud/work/boot_tail_promotion/wave4_sources/func_80018FEC.c	-g0 -O2 -mips2 -G 0 -non_shared	locked cloud/work/boot_tail_promotion/wave4_sources/func_80018FEC.c:func_80018FEC (score0)
func_800193C8	cloud/work/boot_tail_promotion/wave4_sources/func_800193C8.c	-g0 -O2 -mips2 -G 0 -non_shared	locked cloud/work/boot_tail_promotion/wave4_sources/func_800193C8.c:func_800193C8 (score0)
func_800199F4	cloud/work/boot_tail_promotion/wave4_sources/func_800199F4.c	-g0 -O2 -mips2 -G 0 -non_shared	locked cloud/work/boot_tail_promotion/wave4_sources/func_800199F4.c:func_800199F4 (score0)
func_80025D84	cloud/work/boot_tail_promotion/wave4_sources/func_80025D84.c	-g0 -O2 -mips2 -G 0 -non_shared	locked cloud/work/boot_tail_promotion/wave4_sources/func_80025D84.c:func_80025D84 (score0)
func_80025DC0	cloud/work/boot_tail_promotion/wave4_sources/func_80025DC0.c	-g0 -O2 -mips2 -G 0 -non_shared	locked cloud/work/boot_tail_promotion/wave4_sources/func_80025DC0.c:func_80025DC0 (score0)
func_80018B8C	cloud/work/boot_tail_promotion/wave4_sources/func_80018B8C.c	-g0 -O2 -mips2 -G 0 -non_shared	locked cloud/work/boot_tail_promotion/wave4_sources/func_80018B8C.c:func_80018B8C (score0)
func_80018EB4	cloud/work/boot_tail_promotion/wave4_sources/func_80018EB4.c	-g0 -O2 -mips2 -G 0 -non_shared	locked cloud/work/boot_tail_promotion/wave4_sources/func_80018EB4.c:func_80018EB4 (score0)
func_8001E9B0	cloud/work/boot_tail_promotion/wave4_sources/func_8001E9B0.c	-g0 -O2 -mips2 -G 0 -non_shared	locked cloud/work/boot_tail_promotion/wave4_sources/func_8001E9B0.c:func_8001E9B0 (score0)
func_8001EE34	cloud/work/boot_tail_promotion/wave4_sources/func_8001EE34.c	-g0 -O2 -mips2 -G 0 -non_shared	locked cloud/work/boot_tail_promotion/wave4_sources/func_8001EE34.c:func_8001EE34 (score0)
func_800251A8	cloud/work/boot_tail_promotion/wave4_sources/func_800251A8.c	-g0 -O2 -mips2 -G 0 -non_shared	locked cloud/work/boot_tail_promotion/wave4_sources/func_800251A8.c:func_800251A8 (score0)
func_80025C68	cloud/work/boot_tail_promotion/wave4_sources/func_80025C68.c	-g0 -O2 -mips2 -G 0 -non_shared	locked cloud/work/boot_tail_promotion/wave4_sources/func_80025C68.c:func_80025C68 (score0)
func_8001C1D8	cloud/work/boot_tail_promotion/wave4_sources/func_8001C1D8.c	-g0 -O2 -mips2 -G 0 -non_shared	locked cloud/work/boot_tail_promotion/wave4_sources/func_8001C1D8.c:func_8001C1D8 (score0)
