target_id,address,native_bytes,native_words,research_pr_at_snapshot,accepted_base,assignment_status
render_display_list,0x80099BFC,10236,2559,,d77aabb8,preflight_required
object_render,0x80087A08,10048,2512,,d77aabb8,preflight_required
render_large_objects,0x800F93A0,5652,1413,,d77aabb8,preflight_required
entity_spawn_init,0x8008EA10,5544,1386,,d77aabb8,preflight_required
func_8009F058,0x8009F058,5228,1307,,d77aabb8,preflight_required
stunt_combo_display,0x800D3B28,4700,1175,,d77aabb8,preflight_required
func_800D91A0,0x800D91A0,3860,965,,d77aabb8,preflight_required
input_deadzone_apply,0x800ADD58,3580,895,,d77aabb8,preflight_required
net_session_update,0x800F34D8,3568,892,,d77aabb8,preflight_required
func_80102F30,0x80102F30,3560,890,,d77aabb8,preflight_required
camera_play_script,0x800C5644,3520,880,,d77aabb8,preflight_required
drone_ai_update,0x80093B20,3280,820,,d77aabb8,preflight_required
track_render_process,0x800A377C,3200,800,,d77aabb8,preflight_required
mode_select_handler,0x800DEF68,2976,744,,d77aabb8,preflight_required
particle_system,0x8009C8F0,2900,725,,d77aabb8,preflight_required
camera_update,0x800C0AC0,2876,719,,d77aabb8,preflight_required
func_800D816C,0x800D816C,2796,699,,d77aabb8,preflight_required
func_80100E58,0x80100E58,2732,683,,d77aabb8,preflight_required
net_state_validate,0x800F2A28,2728,682,,d77aabb8,preflight_required
Input_ProcessGameplayPad,0x800A04C4,2720,680,,d77aabb8,preflight_required
track_collision_wall,0x8009DD88,2712,678,,d77aabb8,preflight_required
entity_tick_main,0x800930A4,2684,671,,d77aabb8,preflight_required
countdown,0x800FBF88,2672,668,,d77aabb8,preflight_required
world_gravity_apply,0x800ECC18,2644,661,,d77aabb8,preflight_required
func_8010C974,0x8010C974,2636,659,,d77aabb8,preflight_required
control_settings,0x800DD4AC,2552,638,,d77aabb8,preflight_required
playgame_state_change,0x800CA3B4,2544,636,,d77aabb8,preflight_required
func_80103D28,0x80103D28,2516,629,,d77aabb8,preflight_required
func_80105EA8,0x80105EA8,2508,627,,d77aabb8,preflight_required
camera_scene_manager,0x800C2BE0,2456,614,,d77aabb8,preflight_required
func_8010F218,0x8010F218,2444,611,,d77aabb8,preflight_required
hud_render,0x800CADA4,2420,605,,d77aabb8,preflight_required
func_80104B14,0x80104B14,2404,601,,d77aabb8,preflight_required
func_800E398C,0x800E398C,2396,599,,d77aabb8,preflight_required
menu_options_screen,0x800CE358,2356,589,,d77aabb8,preflight_required
display_list_flush,0x800FB2C8,2356,589,,d77aabb8,preflight_required
func_800DA2C0,0x800DA2C0,2316,579,,d77aabb8,preflight_required
func_800E4B58,0x800E4B58,2268,567,,d77aabb8,preflight_required
camera_transform,0x80097CA0,2228,557,,d77aabb8,preflight_required
entity_update_callback,0x80090FEC,2184,546,,d77aabb8,preflight_required
entity_ai_pathfind,0x800992AC,2180,545,,d77aabb8,preflight_required
props_render,0x800F6AB8,2180,545,,d77aabb8,preflight_required
RaceStateMachine_Update,0x800DB81C,2148,537,,d77aabb8,preflight_required
func_800BB9B0,0x800BB9B0,2104,526,,d77aabb8,preflight_required
func_800E847C,0x800E847C,2100,525,,d77aabb8,preflight_required
attract_or_transition,0x800EDDC0,2076,519,,d77aabb8,preflight_required
wheel_render_full,0x800A6BE4,2072,518,,d77aabb8,preflight_required
func_8010EA08,0x8010EA08,2056,514,,d77aabb8,preflight_required
entity_render_setup,0x8008C884,2048,512,,d77aabb8,preflight_required
car_render_full,0x800A6404,2016,504,,d77aabb8,preflight_required
func_800EB90C,0x800EB90C,2000,500,,d77aabb8,preflight_required
game_results_exit,0x800FFDE8,1916,479,,d77aabb8,preflight_required
race_setup_1,0x800BD2C8,1884,471,,d77aabb8,preflight_required
anim_state_update,0x8008D93C,1840,460,,d77aabb8,preflight_required
func_800F1210,0x800F1210,1816,454,,d77aabb8,preflight_required
transmission_ratio_get,0x800ABCC8,1808,452,,d77aabb8,preflight_required
func_800D7634,0x800D7634,1804,451,,d77aabb8,preflight_required
func_80087110,0x80087110,1780,445,,d77aabb8,preflight_required
func_80105480,0x80105480,1780,445,,d77aabb8,preflight_required
track_process_main,0x800A2D4C,1752,438,,d77aabb8,preflight_required
game_results_input,0x800FF724,1732,433,,d77aabb8,preflight_required
draw_speedometer,0x800C7818,1704,426,,d77aabb8,preflight_required
func_800E23A4,0x800E23A4,1688,422,,d77aabb8,preflight_required
func_800D348C,0x800D348C,1684,421,,d77aabb8,preflight_required
func_800E95DC,0x800E95DC,1684,421,,d77aabb8,preflight_required
func_800F207C,0x800F207C,1684,421,,d77aabb8,preflight_required
buffer_swap,0x800924F4,1676,419,,d77aabb8,preflight_required
func_8010AEAC,0x8010AEAC,1652,413,,d77aabb8,preflight_required
func_800EB028,0x800EB028,1640,410,,d77aabb8,preflight_required
func_80106D94,0x80106D94,1604,401,,d77aabb8,preflight_required
func_800E451C,0x800E451C,1588,397,,d77aabb8,preflight_required
func_800F0914,0x800F0914,1584,396,,d77aabb8,preflight_required
func_80100564,0x80100564,1576,394,,d77aabb8,preflight_required
entity_update,0x800C6AA0,1564,391,,d77aabb8,preflight_required
world_physics_tick,0x800EC2F8,1564,391,,d77aabb8,preflight_required
menu_controller_remap,0x800CF69C,1548,387,,d77aabb8,preflight_required
func_8008E408,0x8008E408,1544,386,,d77aabb8,preflight_required
replay_save_prompt,0x800DABDC,1540,385,,d77aabb8,preflight_required
func_80109468,0x80109468,1528,382,,d77aabb8,preflight_required
func_80109F54,0x80109F54,1504,376,,d77aabb8,preflight_required
func_801084D4,0x801084D4,1500,375,,d77aabb8,preflight_required
func_8010A8D0,0x8010A8D0,1500,375,,d77aabb8,preflight_required
camera_follow_path,0x800C46D0,1484,371,,d77aabb8,preflight_required
func_800B4FB0,0x800B4FB0,1472,368,,d77aabb8,preflight_required
camera_victory,0x800C6404,1468,367,,d77aabb8,preflight_required
particles_update,0x800B7A40,1464,366,,d77aabb8,preflight_required
explosion_effect,0x800EF8F4,1460,365,,d77aabb8,preflight_required
func_80102980,0x80102980,1456,364,,d77aabb8,preflight_required
input_process_controller,0x800AD734,1452,363,,d77aabb8,preflight_required
func_800C3AD0,0x800C3AD0,1448,362,,d77aabb8,preflight_required
func_800E0050,0x800E0050,1440,360,,d77aabb8,preflight_required
func_800E56F8,0x800E56F8,1436,359,,d77aabb8,preflight_required
music_seq_load,0x800B15B4,1428,357,,d77aabb8,preflight_required
engine_sound_update,0x800B2DF8,1428,357,,d77aabb8,preflight_required
entity_process_main,0x8008D120,1424,356,,d77aabb8,preflight_required
random_float,0x800FD9F8,1424,356,,d77aabb8,preflight_required
func_800C4F68,0x800C4F68,1416,354,,d77aabb8,preflight_required
func_800DB1E0,0x800DB1E0,1400,350,,d77aabb8,preflight_required
skid_mark_render,0x800F0100,1396,349,,d77aabb8,preflight_required
func_800F7F3C,0x800F7F3C,1396,349,,d77aabb8,preflight_required
func_800B59F0,0x800B59F0,1372,343,,d77aabb8,preflight_required
audio_interrupt_handler,0x800BB140,1372,343,,d77aabb8,preflight_required
track_texture_load,0x800F5F90,1348,337,,d77aabb8,preflight_required
func_800E6AF8,0x800E6AF8,1336,334,,d77aabb8,preflight_required
func_80102448,0x80102448,1336,334,,d77aabb8,preflight_required
func_800E05F0,0x800E05F0,1328,332,,d77aabb8,preflight_required
func_80108F40,0x80108F40,1320,330,,d77aabb8,preflight_required
func_800E5D64,0x800E5D64,1296,324,,d77aabb8,preflight_required
menu_input_process,0x800B6BEC,1280,320,,d77aabb8,preflight_required
func_80109A60,0x80109A60,1268,317,,d77aabb8,preflight_required
func_800D6914,0x800D6914,1260,315,,d77aabb8,preflight_required
physics_sym,0x800B8C14,1252,313,,d77aabb8,preflight_required
sound_bank_unload,0x800B10D4,1248,312,,d77aabb8,preflight_required
func_800E7FA0,0x800E7FA0,1244,311,,d77aabb8,preflight_required
emitter_update,0x800EEDB0,1240,310,,d77aabb8,preflight_required
engine_sound_sync,0x80098AE4,1236,309,,d77aabb8,preflight_required
assign_drones,0x800F4FEC,1236,309,,d77aabb8,preflight_required
camera_trigger_check,0x800C4200,1232,308,,d77aabb8,preflight_required
lap_complete,0x8010761C,1232,308,,d77aabb8,preflight_required
func_80096CA8,0x80096CA8,1204,301,,d77aabb8,preflight_required
save_write_data,0x800AF06C,1200,300,,d77aabb8,preflight_required
func_800DFBA0,0x800DFBA0,1192,298,,d77aabb8,preflight_required
func_800C1B60,0x800C1B60,1188,297,,d77aabb8,preflight_required
physics_float_calc,0x8009EBC0,1176,294,,d77aabb8,preflight_required
func_80101D84,0x80101D84,1176,294,,d77aabb8,preflight_required
game_results_update,0x800FEE04,1172,293,,d77aabb8,preflight_required
game_results_render,0x800FF298,1164,291,,d77aabb8,preflight_required
func_800D2FA8,0x800D2FA8,1160,290,,d77aabb8,preflight_required
func_80101904,0x80101904,1152,288,,d77aabb8,preflight_required
func_80090308,0x80090308,1128,282,,d77aabb8,preflight_required
audio_doppler_calc,0x800B6788,1124,281,,d77aabb8,preflight_required
drone_pathfind_main,0x800D71D0,1124,281,,d77aabb8,preflight_required
race_countdown_display,0x800D24C8,1120,280,,d77aabb8,preflight_required
func_800CD104,0x800CD104,1088,272,,d77aabb8,preflight_required
camera_auto_follow,0x800BE078,1084,271,,d77aabb8,preflight_required
stat_race_start,0x800FE080,1068,267,,d77aabb8,preflight_required
cpak_init,0x800AFD5C,1060,265,,d77aabb8,preflight_required
func_800E1F80,0x800E1F80,1060,265,,d77aabb8,preflight_required
hud_setup,0x800C8B8C,1048,262,,d77aabb8,preflight_required
drone_throttle_calc,0x800D8C58,1024,256,,d77aabb8,preflight_required
func_800F8EC8,0x800F8EC8,1024,256,,d77aabb8,preflight_required
camera_process_input,0x800C1604,1020,255,,d77aabb8,preflight_required
func_800DE45C,0x800DE45C,1020,255,,d77aabb8,preflight_required
func_800F769C,0x800F769C,1020,255,,d77aabb8,preflight_required
func_800FC9F8,0x800FC9F8,1016,254,,d77aabb8,preflight_required
particle_collision,0x800B8820,1012,253,,d77aabb8,preflight_required
race_finish,0x80107AF4,1000,250,,d77aabb8,preflight_required
func_8010E0FC,0x8010E0FC,1000,250,,d77aabb8,preflight_required
func_800D0424,0x800D0424,996,249,,d77aabb8,preflight_required
traction_control,0x800ACC18,992,248,,d77aabb8,preflight_required
music_control,0x800B1B48,992,248,,d77aabb8,preflight_required
music_tempo_set,0x800B200C,980,245,,d77aabb8,preflight_required
func_800F1930,0x800F1930,980,245,,d77aabb8,preflight_required
billboard_render,0x800F64D4,976,244,,d77aabb8,preflight_required
func_800F87A0,0x800F87A0,968,242,,d77aabb8,preflight_required
func_800E6460,0x800E6460,956,239,,d77aabb8,preflight_required
audio_doppler_full,0x800B61FC,952,238,,d77aabb8,preflight_required
func_800E114C,0x800E114C,948,237,,d77aabb8,preflight_required
camera_first_person,0x800BF838,944,236,,d77aabb8,preflight_required
steering_sensitivity,0x800AD128,928,232,,d77aabb8,preflight_required
controller_poll,0x800C95DC,928,232,,d77aabb8,preflight_required
func_8010BC84,0x8010BC84,928,232,,d77aabb8,preflight_required
func_800AB18C,0x800AB18C,924,231,,d77aabb8,preflight_required
render_viewport_init,0x800FA9B4,924,231,,d77aabb8,preflight_required
physics_response,0x800B93A8,920,230,,d77aabb8,preflight_required
race_setup_2,0x800BEAA0,908,227,,d77aabb8,preflight_required
func_800DD0C0,0x800DD0C0,908,227,,d77aabb8,preflight_required
func_800C813C,0x800C813C,900,225,,d77aabb8,preflight_required
func_800F45F8,0x800F45F8,900,225,,d77aabb8,preflight_required
engine_torque_calc,0x800AB7D8,896,224,,d77aabb8,preflight_required
func_800CC040,0x800CC040,896,224,,d77aabb8,preflight_required
func_80108154,0x80108154,896,224,,d77aabb8,preflight_required
func_800F1D04,0x800F1D04,888,222,39,d77aabb8,preflight_required
track_select_handler,0x800D000C,884,221,,d77aabb8,preflight_required
car_setup_confirm,0x800D1CE0,884,221,,d77aabb8,preflight_required
camera_track_spline,0x800C04CC,860,215,,d77aabb8,preflight_required
drone_set_catchup,0x800A2990,852,213,,d77aabb8,preflight_required
func_800BFD8C,0x800BFD8C,852,213,,d77aabb8,preflight_required
drone_collision_avoid,0x800D6E7C,852,213,,d77aabb8,preflight_required
cpak_read,0x800B0180,848,212,,d77aabb8,preflight_required
func_800DE860,0x800DE860,844,211,,d77aabb8,preflight_required
car_shadow_render,0x800A5D34,836,209,,d77aabb8,preflight_required
entity_collision_detect,0x80090B68,820,205,,d77aabb8,preflight_required
attract_demo_handler,0x800DC99C,820,205,,d77aabb8,preflight_required
game_late_init,0x800EEA7C,820,205,,d77aabb8,preflight_required
camera_follow_target,0x800BCBB8,812,203,,d77aabb8,preflight_required
func_800EF288,0x800EF288,808,202,,d77aabb8,preflight_required
car_angular_velocity_clamp,0x800AAE68,804,201,,d77aabb8,preflight_required
func_800E8F10,0x800E8F10,804,201,,d77aabb8,preflight_required
camera_look_at_point,0x800BF45C,796,199,,d77aabb8,preflight_required
func_800E92C8,0x800E92C8,788,197,,d77aabb8,preflight_required
camera_update_d,0x8009C5E0,784,196,,d77aabb8,preflight_required
AdjustSpeed,0x800A2680,784,196,,d77aabb8,preflight_required
menu_save_options,0x800CDEEC,768,192,,d77aabb8,preflight_required
func_800CC50C,0x800CC50C,760,190,,d77aabb8,preflight_required
func_80108AB0,0x80108AB0,760,190,,d77aabb8,preflight_required
func_80098FB8,0x80098FB8,756,189,,d77aabb8,preflight_required
func_800E3430,0x800E3430,756,189,,d77aabb8,preflight_required
camera_shake_start,0x800BDAA8,744,186,,d77aabb8,preflight_required
particle_lifetime_set,0x800B8374,732,183,,d77aabb8,preflight_required
audio_mixer_main,0x800BA7C4,732,183,,d77aabb8,preflight_required
func_800E9E2C,0x800E9E2C,732,183,,d77aabb8,preflight_required
audio_bus_mix,0x800B4818,720,180,,d77aabb8,preflight_required
entity_lod_select,0x80096734,716,179,,d77aabb8,preflight_required
func_800A1644,0x800A1644,716,179,21,d77aabb8,preflight_required
func_800E681C,0x800E681C,716,179,,d77aabb8,preflight_required
physics_velocity_integrate_a,0x8008B69C,712,178,,d77aabb8,preflight_required
entity_physics_update,0x800908A0,712,178,,d77aabb8,preflight_required
world_velocity_integrate,0x800ED804,712,178,,d77aabb8,preflight_required
func_800EF62C,0x800EF62C,712,178,,d77aabb8,preflight_required
init_state_continue,0x800FAF6C,712,178,,d77aabb8,preflight_required
func_80106874,0x80106874,712,178,,d77aabb8,preflight_required
func_800A7E10,0x800A7E10,704,176,,d77aabb8,preflight_required
game_loop,0x800FD464,704,176,,d77aabb8,preflight_required
func_8010D3C0,0x8010D3C0,704,176,,d77aabb8,preflight_required
func_800E543C,0x800E543C,700,175,,d77aabb8,preflight_required
func_8010B9C8,0x8010B9C8,700,175,,d77aabb8,preflight_required
audio_effect_apply,0x800BAAA0,696,174,,d77aabb8,preflight_required
func_8010C02C,0x8010C02C,696,174,,d77aabb8,preflight_required
func_8009D99C,0x8009D99C,692,173,,d77aabb8,preflight_required
sfx_position_3d,0x800B2928,692,173,,d77aabb8,preflight_required
attract_video_handler,0x800DCDF4,692,173,,d77aabb8,preflight_required
car_damage_visual,0x800A51E0,680,170,,d77aabb8,preflight_required
audio_queue_process,0x8008A77C,676,169,,d77aabb8,preflight_required
audio_channel_alloc,0x800BA00C,676,169,,d77aabb8,preflight_required
func_800E7134,0x800E7134,676,169,,d77aabb8,preflight_required
func_8009D708,0x8009D708,660,165,,d77aabb8,preflight_required
func_8010DCFC,0x8010DCFC,660,165,,d77aabb8,preflight_required
menu_control_settings,0x800CF374,656,164,,d77aabb8,preflight_required
track_data_decompress,0x800A1F18,652,163,,d77aabb8,preflight_required
differential_output,0x800AC3D8,648,162,,d77aabb8,preflight_required
entity_anim_texture,0x80091874,636,159,,d77aabb8,preflight_required
camera_target_track,0x800AED64,636,159,,d77aabb8,preflight_required
world_object_destroy,0x800EB690,636,159,,d77aabb8,preflight_required
func_80107EDC,0x80107EDC,632,158,,d77aabb8,preflight_required
func_800C7EC8,0x800C7EC8,628,157,,d77aabb8,preflight_required
func_800C8918,0x800C8918,628,157,,d77aabb8,preflight_required
func_800D5524,0x800D5524,628,157,,d77aabb8,preflight_required
func_8010A53C,0x8010A53C,616,154,,d77aabb8,preflight_required
display_settings,0x800DDFAC,608,152,,d77aabb8,preflight_required
stat_lap_split,0x800FEA00,608,152,,d77aabb8,preflight_required
audio_frame_update,0x800B0C48,600,150,,d77aabb8,preflight_required
func_800CB748,0x800CB748,600,150,,d77aabb8,preflight_required
func_800E3724,0x800E3724,600,150,,d77aabb8,preflight_required
dust_cloud_effect,0x800EFEA8,600,150,,d77aabb8,preflight_required
func_80106B3C,0x80106B3C,600,150,,d77aabb8,preflight_required
func_800E73D8,0x800E73D8,596,149,,d77aabb8,preflight_required
func_800EC914,0x800EC914,596,149,,d77aabb8,preflight_required
func_800D5E64,0x800D5E64,584,146,,d77aabb8,preflight_required
save_settings,0x800DE20C,584,146,,d77aabb8,preflight_required
func_8008A148,0x8008A148,580,145,,d77aabb8,preflight_required
checkpoint_hit,0x801073D8,580,145,,d77aabb8,preflight_required
func_800F43B8,0x800F43B8,576,144,,d77aabb8,preflight_required
hud_speed_display,0x800C84FC,572,143,,d77aabb8,preflight_required
func_800C0294,0x800C0294,568,142,,d77aabb8,preflight_required
menu_item_select,0x800CBBD4,564,141,,d77aabb8,preflight_required
func_80105B74,0x80105B74,564,141,,d77aabb8,preflight_required
func_800D1AB0,0x800D1AB0,560,140,,d77aabb8,preflight_required
draw_text,0x800C734C,556,139,,d77aabb8,preflight_required
func_800D169C,0x800D169C,556,139,,d77aabb8,preflight_required
finish_state_alt,0x800F8B70,556,139,,d77aabb8,preflight_required
func_8010B5D0,0x8010B5D0,556,139,,d77aabb8,preflight_required
voice_stop,0x800B438C,552,138,,d77aabb8,preflight_required
func_800CF06C,0x800CF06C,548,137,,d77aabb8,preflight_required
func_8010221C,0x8010221C,548,137,,d77aabb8,preflight_required
place_cars_in_order,0x800F54C0,544,136,,d77aabb8,preflight_required
save_validate,0x800AFB38,540,135,,d77aabb8,preflight_required
func_800E4300,0x800E4300,540,135,,d77aabb8,preflight_required
world_collision_response,0x800EDACC,540,135,,d77aabb8,preflight_required
object_manager_update,0x800B3FA4,532,133,,d77aabb8,preflight_required
debug_stats,0x800FCDF8,532,133,,d77aabb8,preflight_required
debug_collision,0x800FD024,532,133,,d77aabb8,preflight_required
reverb_setup,0x800B4B94,528,132,,d77aabb8,preflight_required
graphics_chunk,0x800F497C,528,132,,d77aabb8,preflight_required
func_800C220C,0x800C220C,524,131,,d77aabb8,preflight_required
audio_frame_sync,0x80097798,520,130,,d77aabb8,preflight_required
NextMaxPath,0x800A0FDC,520,130,,d77aabb8,preflight_required
func_800C2004,0x800C2004,520,130,,d77aabb8,preflight_required
func_800CB9D0,0x800CB9D0,516,129,,d77aabb8,preflight_required
tire_sound_update,0x800B338C,504,126,,d77aabb8,preflight_required
physics_friction_apply,0x800B9D68,504,126,,d77aabb8,preflight_required
camera_blend_between,0x800BEE2C,496,124,,d77aabb8,preflight_required
drone_target_update,0x800D7E88,496,124,,d77aabb8,preflight_required
countdown_handler,0x800FBC30,496,124,,d77aabb8,preflight_required
sound_update_channel,0x800B3D18,488,122,,d77aabb8,preflight_required
func_800DED78,0x800DED78,488,122,,d77aabb8,preflight_required
func_800E2D18,0x800E2D18,488,122,,d77aabb8,preflight_required
race_position_update,0x800BE7BC,484,121,,d77aabb8,preflight_required
func_8010D680,0x8010D680,476,119,,d77aabb8,preflight_required
func_8008A46C,0x8008A46C,472,118,48,d77aabb8,preflight_required
func_800F0674,0x800F0674,472,118,,d77aabb8,preflight_required
audio_channel_priority,0x80094A54,468,117,,d77aabb8,preflight_required
display_list_traverse,0x800963E8,468,117,,d77aabb8,preflight_required
track_collision_setup,0x800A21A4,468,117,,d77aabb8,preflight_required
sound_control,0x800B37E8,468,117,,d77aabb8,preflight_required
high_scores_display,0x800D5C90,468,117,,d77aabb8,preflight_required
func_800EA108,0x800EA108,468,117,,d77aabb8,preflight_required
func_800E7DD0,0x800E7DD0,464,116,,d77aabb8,preflight_required
world_trigger_activate,0x800EE5DC,464,116,,d77aabb8,preflight_required
func_800F0F44,0x800F0F44,464,116,,d77aabb8,preflight_required
func_800F857C,0x800F857C,464,116,,d77aabb8,preflight_required
func_8010B7FC,0x8010B7FC,460,115,,d77aabb8,preflight_required
func_800A557C,0x800A557C,456,114,41,d77aabb8,preflight_required
world_effect_update,0x800EE8B4,456,114,,d77aabb8,preflight_required
func_8009C3F8,0x8009C3F8,452,113,,d77aabb8,preflight_required
exhaust_smoke_effect,0x800A5744,452,113,,d77aabb8,preflight_required
camera_position_update,0x800AEB54,452,113,,d77aabb8,preflight_required
func_800AF8C0,0x800AF8C0,452,113,,d77aabb8,preflight_required
brake_light_update,0x800A6244,448,112,,d77aabb8,preflight_required
particle_render,0x800B8650,448,112,,d77aabb8,preflight_required
func_800E8D50,0x800E8D50,448,112,,d77aabb8,preflight_required
sound_position_update,0x800951E0,444,111,,d77aabb8,preflight_required
func_800A4E58,0x800A4E58,444,111,,d77aabb8,preflight_required
camera_zoom_fov,0x800BDEBC,444,111,,d77aabb8,preflight_required
ghost_race_setup,0x800D510C,440,110,,d77aabb8,preflight_required
string_copy_format,0x80092E2C,436,109,,d77aabb8,preflight_required
audio_state_save,0x80095D04,436,109,,d77aabb8,preflight_required
func_800BA2B8,0x800BA2B8,436,109,,d77aabb8,preflight_required
func_800BE4F0,0x800BE4F0,436,109,,d77aabb8,preflight_required
camera_free_look,0x800C00E0,436,109,,d77aabb8,preflight_required
audio_priority_find,0x800BA46C,432,108,,d77aabb8,preflight_required
championship_standings,0x800DC248,432,108,,d77aabb8,preflight_required
func_8010E4E4,0x8010E4E4,432,108,37,d77aabb8,preflight_required
func_800D5A04,0x800D5A04,428,107,,d77aabb8,preflight_required
func_800BA61C,0x800BA61C,424,106,,d77aabb8,preflight_required
dma_wait_complete,0x8008AA40,420,105,,d77aabb8,preflight_required
entity_spawn_callback,0x80090088,416,104,,d77aabb8,preflight_required
audio_task_complete,0x800974EC,416,104,,d77aabb8,preflight_required
func_800F2888,0x800F2888,416,104,,d77aabb8,preflight_required
camera_collision_avoid,0x800BCEE4,412,103,,d77aabb8,preflight_required
difficulty_select,0x800D2A74,412,103,,d77aabb8,preflight_required
func_800A4CB8,0x800A4CB8,408,102,,d77aabb8,preflight_required
func_800B9740,0x800B9740,408,102,36,d77aabb8,preflight_required
menu_vibration_test,0x800CFE74,408,102,,d77aabb8,preflight_required
func_80100B8C,0x80100B8C,408,102,,d77aabb8,preflight_required
func_80108DA8,0x80108DA8,408,102,,d77aabb8,preflight_required
model_transform_setup,0x8008B0D8,404,101,,d77aabb8,preflight_required
sound_init,0x800A4934,400,100,49,d77aabb8,preflight_required
func_800CCCCC,0x800CCCCC,400,100,,d77aabb8,preflight_required
func_800E1AA0,0x800E1AA0,400,100,34,d77aabb8,preflight_required
func_800F6928,0x800F6928,400,100,,d77aabb8,preflight_required
MaxPathZeroControls,0x800A2378,396,99,,d77aabb8,preflight_required
sfx_stop,0x800B2658,396,99,,d77aabb8,preflight_required
state_utility,0x800B71D4,396,99,,d77aabb8,preflight_required
func_800CCB40,0x800CCB40,396,99,,d77aabb8,preflight_required
stat_race_update,0x800FE5B0,396,99,,d77aabb8,preflight_required
tournament_trophy_award,0x800DC3F8,388,97,,d77aabb8,preflight_required
func_800BFBE8,0x800BFBE8,384,96,,d77aabb8,preflight_required
vector_normalize_length,0x8008B4C4,380,95,,d77aabb8,preflight_required
func_800988D8,0x800988D8,380,95,,d77aabb8,preflight_required
camera_lerp_position,0x800BB834,380,95,,d77aabb8,preflight_required
model_data_load,0x8008AE8C,372,93,,d77aabb8,preflight_required
tire_compound_set,0x800A5BB8,372,93,,d77aabb8,preflight_required
func_800CD8EC,0x800CD8EC,372,93,,d77aabb8,preflight_required
func_800F2718,0x800F2718,368,92,,d77aabb8,preflight_required
func_8010D85C,0x8010D85C,368,92,38,d77aabb8,preflight_required
sound_bank_load,0x800B0F68,364,91,,d77aabb8,preflight_required
func_800B24EC,0x800B24EC,364,91,,d77aabb8,preflight_required
menu_load_options,0x800CE1EC,364,91,,d77aabb8,preflight_required
func_800A1C6C,0x800A1C6C,360,90,,d77aabb8,preflight_required
func_8010C2E4,0x8010C2E4,356,89,,d77aabb8,preflight_required
func_800C1A00,0x800C1A00,352,88,,d77aabb8,preflight_required
func_800D6530,0x800D6530,352,88,,d77aabb8,preflight_required
game_timer_display,0x800FECA4,352,88,,d77aabb8,preflight_required
func_800CCEFC,0x800CCEFC,348,87,,d77aabb8,preflight_required
battle_mode_setup,0x800D4EF4,348,87,,d77aabb8,preflight_required
func_80097164,0x80097164,344,86,,d77aabb8,preflight_required
func_800A1A60,0x800A1A60,340,85,,d77aabb8,preflight_required
func_800CD798,0x800CD798,340,85,,d77aabb8,preflight_required
func_8010E8B4,0x8010E8B4,340,85,,d77aabb8,preflight_required
audio_channel_setup,0x80094888,332,83,,d77aabb8,preflight_required
sound_loop_set,0x800B574C,332,83,,d77aabb8,preflight_required
sound_play_menu,0x800CC3C0,332,83,,d77aabb8,preflight_required
credits_scroll,0x800D67C0,332,83,,d77aabb8,preflight_required
time_result_display,0x800DA174,332,83,,d77aabb8,preflight_required
func_800D5374,0x800D5374,328,82,,d77aabb8,preflight_required
func_800D9058,0x800D9058,328,82,,d77aabb8,preflight_required
car_lod_select,0x800A4508,324,81,,d77aabb8,preflight_required
func_800D1248,0x800D1248,324,81,,d77aabb8,owner_paused
func_800D63EC,0x800D63EC,324,81,,d77aabb8,preflight_required
func_8010DBB8,0x8010DBB8,324,81,,d77aabb8,preflight_required
func_8010C448,0x8010C448,320,80,31,d77aabb8,preflight_required
func_8010C588,0x8010C588,320,80,32,d77aabb8,preflight_required
display_enable,0x800C8FA4,316,79,,d77aabb8,preflight_required
func_800A150C,0x800A150C,312,78,,d77aabb8,preflight_required
arb_rate_set,0x800A5908,312,78,,d77aabb8,preflight_required
records_screen,0x800D58CC,312,78,,d77aabb8,preflight_required
car_stats_display,0x800D197C,308,77,,d77aabb8,preflight_required
func_800D6160,0x800D6160,304,76,,d77aabb8,preflight_required
func_8008E26C,0x8008E26C,300,75,,d77aabb8,preflight_required
func_8010A7A4,0x8010A7A4,300,75,,d77aabb8,preflight_required
func_800878E0,0x800878E0,296,74,49,d77aabb8,preflight_required
entity_name_copy,0x80092C58,296,74,,d77aabb8,preflight_required
credits_screen,0x800D6698,296,74,,d77aabb8,preflight_required
entity_flags_apply,0x80092360,292,73,,d77aabb8,preflight_required
func_800979A0,0x800979A0,292,73,,d77aabb8,preflight_required
entity_render_mode,0x800965BC,284,71,,d77aabb8,preflight_required
car_lights_render,0x800A6094,284,71,,d77aabb8,preflight_required
func_800F7448,0x800F7448,284,71,,d77aabb8,preflight_required
random_int,0x800FD8DC,284,71,,d77aabb8,preflight_required
check_mpath_save,0x800A13E8,276,69,,d77aabb8,preflight_required
audio_occlusion,0x800B6024,276,69,,d77aabb8,preflight_required
func_800BB02C,0x800BB02C,276,69,,d77aabb8,preflight_required
func_800CBF2C,0x800CBF2C,276,69,,d77aabb8,preflight_required
func_8008C768,0x8008C768,268,67,,d77aabb8,preflight_required
func_800B23E0,0x800B23E0,268,67,,d77aabb8,preflight_required
render_thread_entry,0x800E7808,268,67,,d77aabb8,preflight_required
func_80096130,0x80096130,264,66,,d77aabb8,preflight_required
func_800AD4C8,0x800AD4C8,264,66,,d77aabb8,preflight_required
attract_mode_handler,0x800DC88C,264,66,,d77aabb8,preflight_required
track_preview_handler,0x800D08E4,260,65,,d77aabb8,preflight_required
steering_apply,0x8010C6C8,260,65,,d77aabb8,preflight_required
entity_cull_check,0x80096A00,256,64,,d77aabb8,preflight_required
sfx_volume_set,0x800B2828,256,64,,d77aabb8,preflight_required
game_mode_handler,0x800C9AE0,256,64,,d77aabb8,preflight_required
func_800A5A40,0x800A5A40,252,63,33,d77aabb8,preflight_required
func_800E7038,0x800E7038,252,63,,d77aabb8,preflight_required
func_800F1114,0x800F1114,252,63,,d77aabb8,preflight_required
func_80100D5C,0x80100D5C,252,63,,d77aabb8,preflight_required
func_8010E72C,0x8010E72C,252,63,,d77aabb8,preflight_required
func_800D4DFC,0x800D4DFC,248,62,,d77aabb8,preflight_required
func_800DC628,0x800DC628,248,62,,d77aabb8,preflight_required
func_800E7710,0x800E7710,248,62,,d77aabb8,preflight_required
suspension_setup,0x800A501C,240,60,,d77aabb8,preflight_required
func_800A79F4,0x800A79F4,240,60,,d77aabb8,preflight_required
physics_collision_test,0x800B9194,240,60,,d77aabb8,preflight_required
draw_ui_element,0x800C7110,240,60,,d77aabb8,preflight_required
audio_bus_route,0x8009570C,236,59,,d77aabb8,preflight_required
sound_priority_set,0x80095A24,236,59,,d77aabb8,preflight_required
audio_stream_control,0x80095B10,236,59,,d77aabb8,preflight_required
audio_buffer_manage,0x80095BFC,236,59,,d77aabb8,preflight_required
main_menu_render,0x800DEC8C,236,59,,d77aabb8,preflight_required
func_80092278,0x80092278,232,58,,d77aabb8,preflight_required
wheel_params_set,0x800A4B6C,232,58,,d77aabb8,preflight_required
func_800AC8D4,0x800AC8D4,232,58,,d77aabb8,preflight_required
slot_state_setup,0x800B4200,232,58,,d77aabb8,preflight_required
func_800A3424,0x800A3424,228,57,,d77aabb8,preflight_required
func_800B3704,0x800B3704,228,57,30,d77aabb8,preflight_required
func_800E762C,0x800E762C,228,57,,d77aabb8,preflight_required
func_800AC9BC,0x800AC9BC,224,56,,d77aabb8,preflight_required
voice_stop_2,0x800B4738,224,56,,d77aabb8,preflight_required
entity_iterate,0x800C69C0,224,56,,d77aabb8,preflight_required
best_times_display,0x800D5BB0,224,56,,d77aabb8,preflight_required
main_menu_input,0x800DEBAC,224,56,,d77aabb8,preflight_required
func_800EC190,0x800EC190,224,56,,d77aabb8,preflight_required
func_800D8078,0x800D8078,220,55,,d77aabb8,preflight_required
func_8008B000,0x8008B000,216,54,,d77aabb8,preflight_required
func_800B2BDC,0x800B2BDC,216,54,,d77aabb8,preflight_required
collision_sound_play,0x800B362C,216,54,,d77aabb8,preflight_required
func_800E7C2C,0x800E7C2C,216,54,,d77aabb8,preflight_required
world_trigger_check,0x800EDCE8,216,54,,d77aabb8,preflight_required
audio_fade_control,0x800953CC,212,53,,d77aabb8,preflight_required
func_800A43FC,0x800A43FC,212,53,,d77aabb8,preflight_required
func_800D2054,0x800D2054,212,53,,d77aabb8,preflight_required
func_800B7FF8,0x800B7FF8,208,52,,d77aabb8,preflight_required
func_80099B30,0x80099B30,204,51,,d77aabb8,preflight_required
func_800A3640,0x800A3640,204,51,,d77aabb8,preflight_required
speed_set,0x800C9210,204,51,,d77aabb8,preflight_required
brake_force_apply,0x800AC75C,196,49,,d77aabb8,preflight_required
func_800B5688,0x800B5688,196,49,,d77aabb8,preflight_required
func_800D2C10,0x800D2C10,196,49,,d77aabb8,preflight_required
render_results_screen,0x800D7DC4,196,49,,d77aabb8,preflight_required
func_800E7D0C,0x800E7D0C,196,49,,d77aabb8,preflight_required
Input_ApplyPadConfig,0x80094EC8,192,48,,d77aabb8,preflight_required
func_800A1DD4,0x800A1DD4,192,48,,d77aabb8,preflight_required
func_800B0EA0,0x800B0EA0,192,48,,d77aabb8,preflight_required
slot_state_lookup,0x800A2504,188,47,,d77aabb8,preflight_required
func_800C885C,0x800C885C,188,47,,d77aabb8,preflight_required
highscore_entry_anim,0x80104A58,188,47,,d77aabb8,preflight_required
audio_effect_setup,0x80095800,184,46,,d77aabb8,preflight_required
audio_timing_sync,0x80095924,184,46,,d77aabb8,preflight_required
func_800A1BB4,0x800A1BB4,184,46,,d77aabb8,preflight_required
func_800BF780,0x800BF780,184,46,,d77aabb8,preflight_required
func_800DA0BC,0x800DA0BC,184,46,,d77aabb8,preflight_required
func_8008705C,0x8008705C,180,45,,d77aabb8,preflight_required
AdjustSteer,0x800A25C0,176,44,,d77aabb8,preflight_required
save_slot_valid,0x800AF5E0,176,44,,d77aabb8,preflight_required
func_800E7A98,0x800E7A98,172,43,,d77aabb8,preflight_required
func_80090E9C,0x80090E9C,168,42,,d77aabb8,preflight_required
func_80090F44,0x80090F44,168,42,,d77aabb8,preflight_required
func_80091B00,0x80091B00,168,42,25,d77aabb8,preflight_required
func_8009EA68,0x8009EA68,168,42,,d77aabb8,preflight_required
gfx_setup_fc,0x8009EB10,168,42,,d77aabb8,preflight_required
func_800B5898,0x800B5898,168,42,26,d77aabb8,preflight_required
func_800B5940,0x800B5940,168,42,,d77aabb8,preflight_required
func_8008AD6C,0x8008AD6C,164,41,,d77aabb8,preflight_required
audio_channel_reset,0x80094FE8,164,41,,d77aabb8,preflight_required
func_800A7BF8,0x800A7BF8,164,41,,d77aabb8,preflight_required
game_timer_pause,0x800FE7A4,164,41,,d77aabb8,preflight_required
sound_stop,0x800B358C,160,40,,d77aabb8,preflight_required
menu_transition,0x800CBE8C,160,40,,d77aabb8,preflight_required
func_800CCE5C,0x800CCE5C,160,40,,d77aabb8,preflight_required
func_800E79F8,0x800E79F8,160,40,,d77aabb8,preflight_required
func_800CD058,0x800CD058,156,39,,d77aabb8,preflight_required
func_800947F0,0x800947F0,152,38,,d77aabb8,preflight_required
func_800ACFF8,0x800ACFF8,152,38,,d77aabb8,preflight_required
func_800AD090,0x800AD090,152,38,,d77aabb8,preflight_required
func_800B0580,0x800B0580,152,38,,d77aabb8,preflight_required
func_800B66B0,0x800B66B0,152,38,,d77aabb8,preflight_required
func_800C40E8,0x800C40E8,152,38,,d77aabb8,preflight_required
mode_select_input,0x800DFB08,152,38,,d77aabb8,preflight_required
audio_output_setup,0x800BAF98,148,37,29,d77aabb8,preflight_required
func_800C3578,0x800C3578,148,37,,d77aabb8,preflight_required
func_800C7578,0x800C7578,148,37,,d77aabb8,preflight_required
func_8008ABE4,0x8008ABE4,144,36,,d77aabb8,preflight_required
func_8008E0B8,0x8008E0B8,140,35,,d77aabb8,preflight_required
wheel_torque_apply,0x800AC668,140,35,,d77aabb8,preflight_required
visual_objects_update,0x800B55FC,140,35,,d77aabb8,preflight_required
func_800D11BC,0x800D11BC,140,35,,d77aabb8,preflight_required
func_800F7EB0,0x800F7EB0,140,35,27,d77aabb8,preflight_required
InitMaxPath,0x800A1244,136,34,,d77aabb8,preflight_required
sync_maxpath_to_checkpoint,0x800A133C,136,34,,d77aabb8,preflight_required
func_800A7480,0x800A7480,136,34,,d77aabb8,preflight_required
func_800EC270,0x800EC270,136,34,28,d77aabb8,preflight_required
menu_back,0x800CBE08,132,33,,d77aabb8,preflight_required
render_replay_ui,0x800D7D40,132,33,,d77aabb8,preflight_required
gfx_setup_e700,0x800954A8,128,32,,d77aabb8,preflight_required
func_80096C28,0x80096C28,128,32,,d77aabb8,preflight_required
camera_update_a,0x80098574,128,32,,d77aabb8,preflight_required
func_8010FBE0,0x8010FBE0,128,32,,d77aabb8,preflight_required
audio_dma_sync,0x80097470,124,31,,d77aabb8,preflight_required
wheel_setup_initial,0x800A4AC4,124,31,,d77aabb8,preflight_required
func_800EF5B0,0x800EF5B0,124,31,,d77aabb8,preflight_required
entity_state_check,0x800987E8,120,30,,d77aabb8,preflight_required
func_800BE744,0x800BE744,120,30,,d77aabb8,preflight_required
func_8008A704,0x8008A704,112,28,,d77aabb8,preflight_required
object_create,0x800B42F0,112,28,,d77aabb8,preflight_required
state_update_global,0x8010B560,112,28,,d77aabb8,preflight_required
fp_call_wrapper,0x800AC6F4,104,26,,d77aabb8,preflight_required
func_80092BF4,0x80092BF4,100,25,,d77aabb8,preflight_required
func_800958B8,0x800958B8,100,25,,d77aabb8,preflight_required
PrevMaxPath,0x800A11E4,96,24,,d77aabb8,preflight_required
func_8008B640,0x8008B640,92,23,,d77aabb8,preflight_required
display_list_alloc,0x8009638C,92,23,,d77aabb8,preflight_required
continue_prompt,0x800DB758,92,23,,d77aabb8,preflight_required
func_800A3724,0x800A3724,88,22,,d77aabb8,preflight_required
slot_deactivate,0x800AC840,88,22,,d77aabb8,preflight_required
speed_mode0_wrapper,0x800C92DC,88,22,,d77aabb8,preflight_required
speed_mode1_wrapper,0x800C93AC,88,22,,d77aabb8,preflight_required
object_bytes_sum_global,0x800B3F50,84,21,,d77aabb8,preflight_required
func_800956BC,0x800956BC,80,20,,d77aabb8,preflight_required
audio_update_d,0x800F8754,76,19,,d77aabb8,preflight_required
func_8008B2E4,0x8008B2E4,72,18,,d77aabb8,preflight_required
object_bytes23_sum,0x800B7128,72,18,,d77aabb8,preflight_required
func_800FD41C,0x800FD41C,72,18,,d77aabb8,preflight_required
menu_item_value_get,0x800CC804,68,17,,d77aabb8,preflight_required
slot_value_get,0x80096298,60,15,,d77aabb8,preflight_required
player_state_get,0x800AC898,60,15,,d77aabb8,preflight_required
camera_update_c,0x8009C5BC,36,9,,d77aabb8,preflight_required
select_screen_update,0x800BFD68,36,9,,d77aabb8,preflight_required
